dispute_id,payment_id,reason_code,raised_at,disputed_amount
dsp_xo5xqhes518o,pay_1hkggeikqlzt1i,not_received,2026-02-04 03:58:32,2155.06
dsp_ic0ltgdi47w8,pay_caevcutjrs5j8n,not_received,2026-02-10 04:32:40,5245.12
dsp_f1ci8mh85vpa,pay_b03gzwf0gfy4ym,fraud,2026-02-11 21:53:52,1852.86
dsp_9useg814nvtn,pay_yboum927gmt13b,duplicate,2026-02-13 17:32:25,10833.76
dsp_k77wdojtlseq,pay_dfjeoowhn4lagn,fraud,2026-02-14 01:40:23,262.0
dsp_h58lv8hioguo,pay_c7rrol31l3lf0d,not_as_described,2026-02-15 01:44:55,1620.0
dsp_m94pe51jfeds,pay_wg6rs92zxxqi3w,fraud,2026-02-15 04:07:52,279.0
dsp_e3oc7hejw9hi,pay_mjlm7r0zsfxtrb,duplicate,2026-02-17 09:31:43,18261.42
dsp_8yfpgk58elst,pay_siu6wniccx7jeb,not_as_described,2026-02-20 12:15:10,390.0
dsp_9skdw5mv0nac,pay_suiwxpcpf768d4,not_as_described,2026-02-20 14:46:06,2311.69
dsp_whb7wiitpe0u,pay_wheinq3vnnp11c,subscription_cancelled,2026-02-21 06:49:39,189.24
dsp_bkz0ldnbr9uy,pay_0dtn31qmb6s8rd,not_received,2026-02-21 14:24:57,19468.1
dsp_fm0m6zasmreq,pay_91g5y7h3sdkacw,not_as_described,2026-02-21 16:45:00,993.0
dsp_81fk217k0ads,pay_0cu4bfoynr94co,fraud,2026-02-22 03:18:16,1675.0
dsp_xysfbhhjvfxu,pay_0y8ffwcsi497sg,subscription_cancelled,2026-02-25 20:16:30,586.0
dsp_x451exeuix56,pay_bm4z6d4tf2vb3z,subscription_cancelled,2026-02-27 14:35:00,731.0
dsp_x2bd5jjkpik3,pay_6cm3a0xppvt5yl,not_received,2026-02-28 19:48:22,7884.03
dsp_8h981obhb1vi,pay_3b31hckm8hmrpn,fraud,2026-03-02 08:23:13,253.0
dsp_sdtbhybd9tsn,pay_q0tjms7b3y6te3,subscription_cancelled,2026-03-03 02:51:23,271.0
dsp_edbryp7rt69p,pay_a3m87xpkj83kbp,not_received,2026-03-04 03:00:55,8901.95
dsp_dgv6t95fecr5,pay_lfz73xu9vua9kt,fraud,2026-03-04 10:26:15,253.0
dsp_v4xnlr2273q1,pay_z0hq35iksoveat,subscription_cancelled,2026-03-04 14:24:11,6303.21
dsp_iuwno9qdzr5g,pay_oyufv1hjnor9bz,fraud,2026-03-04 22:51:08,1335.0
dsp_xlu4px2kbx77,pay_oyc3angzuakua8,not_received,2026-03-05 14:38:06,3955.02
dsp_jhpuffz073zr,pay_ajbuezk3leg1tb,not_as_described,2026-03-07 02:01:06,790.62
dsp_6nns2ueje0k3,pay_uyfd18y8z75kwn,not_as_described,2026-03-07 02:41:27,1340.0
dsp_jtgfon483vv8,pay_fjxrgiy4hydvbl,subscription_cancelled,2026-03-07 04:17:53,575.0
dsp_112adi2jhs6a,pay_pzmr4nd413ea3k,not_received,2026-03-07 07:49:20,22826.97
dsp_dp42llssi4wz,pay_jt5dnjwuok4v89,not_received,2026-03-08 04:57:51,1231.07
dsp_7r9jusxgc9ap,pay_i4ujfjpw2k1ci5,fraud,2026-03-09 02:36:36,5895.94
dsp_8c5pjieangz1,pay_1ebj4b2ance6ma,not_received,2026-03-09 22:48:27,1910.0
dsp_l8h1ttzls13i,pay_9lj26xcdnpmazp,not_received,2026-03-10 03:17:03,5738.53
dsp_b6s4t7oyrn6k,pay_0mwjia2nnqh5e4,duplicate,2026-03-10 23:42:23,260.0
dsp_vch9uzc316y7,pay_okj8qcp92f1xu5,not_received,2026-03-11 18:52:22,1832.25
dsp_ocoaupi8a72i,pay_7qu6br7wavd3gm,fraud,2026-03-12 13:03:00,11072.54
dsp_qgvedi885bor,pay_ixw2f35o99ito9,subscription_cancelled,2026-03-12 17:52:17,1407.0
dsp_1j53iq0u012r,pay_n6mhuft9ajnizk,subscription_cancelled,2026-03-15 06:57:53,460.0
dsp_588uv5rqwswi,pay_2eti3g8icsi2qf,not_received,2026-03-15 22:54:06,14829.65
dsp_q1ld207ehnbu,pay_lzbmnego27rcq6,not_as_described,2026-03-16 05:28:42,1420.0
dsp_ivvue03uokq5,pay_qoju9ifqno5umi,not_received,2026-03-16 13:59:17,12326.84
dsp_y9rzwiyyk3lv,pay_hu10mntlmmke3y,not_received,2026-03-16 14:55:30,2483.4
dsp_pc3rqvdd65fv,pay_1liiikahwgik25,subscription_cancelled,2026-03-16 16:46:57,262.0
dsp_ho99f851i61j,pay_4rvx9x8ays7nwj,not_as_described,2026-03-16 17:36:45,2425.42
dsp_g67hbpe0xxhp,pay_9oytm3tepnpms8,fraud,2026-03-16 18:37:47,66.0
dsp_u8lyp5z6qmom,pay_vadmdp1icpfs6p,not_received,2026-03-16 19:30:12,2174.0
dsp_x4hyi2w8z9n9,pay_bzku22cbiw3br0,duplicate,2026-03-17 05:34:50,2172.17
dsp_8148jop0ly4f,pay_qgew9l5c1mgk7o,fraud,2026-03-17 13:21:40,510.15
dsp_6kwlyuornd1y,pay_yhbss4cz8l98bz,not_as_described,2026-03-18 00:20:49,1709.56
dsp_qmupzfjw4xra,pay_q3d0boiqto0p4s,fraud,2026-03-18 00:36:10,232.0
dsp_ocn71qnm2ycr,pay_afbn8ej9r5ot5i,duplicate,2026-03-18 00:49:07,19035.82
dsp_xash2jq0qqf9,pay_9dmufw4cvro1mg,subscription_cancelled,,460.0
dsp_lc1w48y6hmns,pay_tiwixfitlzl7ge,fraud,2026-03-18 16:19:08,4456.1
dsp_irop1dd46gyg,pay_hi00tw9t00e7bf,subscription_cancelled,2026-03-18 23:00:00,207.0
dsp_k6jkmzyj7a78,pay_3uj64jvnqpyt71,not_received,2026-03-18 23:54:40,1642.89
dsp_h74a238ggjxs,pay_e5vh3jqxckc8ss,not_received,2026-03-19 00:09:59,18827.86
dsp_xzoee1ct35v1,pay_s9wg75bih98etm,not_as_described,2026-03-19 00:17:12,2081.36
dsp_o6lparuiw4t8,pay_ny3e9ietb0sxfv,subscription_cancelled,2026-03-19 13:00:29,263.0
dsp_kfjfjzzz589z,pay_jd7s2v100pld3v,fraud,2026-03-19 13:07:02,956.0
dsp_hyw76yw66u9y,pay_myvojlloashx0m,not_as_described,2026-03-20 02:28:47,2822.21
dsp_39xdpmnavn3x,pay_pbwrtiv6mqia96,duplicate,2026-03-21 00:53:50,7509.85
dsp_riw6ur1sumv3,pay_cbss2uqzp4bbi0,not_as_described,2026-03-21 00:56:05,1020.0
dsp_a9wx8j2vjy1d,pay_6rygsua0xd75ml,fraud,,587.0
dsp_mh3oyrb87kbu,pay_qofhvni3pvjkva,not_as_described,,17983.12
dsp_qpf9lk61u18d,pay_2n2n3h42cdbp1f,not_received,2026-03-21 19:20:01,910.0
dsp_d4ecdvriih1o,pay_rdqdswzsyag9c4,not_received,2026-03-21 21:19:49,8713.67
dsp_g17l3u0f5rwk,pay_w4nf049n690kg1,not_as_described,2026-03-22 20:52:29,653.01
dsp_8f4c7lg5xufn,pay_r8zb9e90kiaq6o,duplicate,2026-03-23 07:18:54,586.0
dsp_jgtbbqtaw66g,pay_vzezcsog7tdtgr,subscription_cancelled,2026-03-23 14:07:53,1860.61
dsp_061t522uhij8,pay_ms90jxk6w0zv7o,fraud,2026-03-23 21:26:23,2465.21
dsp_v7xbm3gx8gnx,pay_pn4e7q3gwshw3h,subscription_cancelled,2026-03-24 00:20:53,263.0
dsp_entgkj13fdbn,pay_q1daoj4zvp9ool,fraud,2026-03-24 02:25:04,9116.63
dsp_h2s0jjjhipt1,pay_euwcokf9orlwe3,not_received,2026-03-24 03:47:53,4353.2
dsp_prkfj426s150,pay_sugkga07uza2vw,not_as_described,2026-03-24 09:22:32,1419.32
dsp_6bchj1khd4wa,pay_9coy1drlwict1c,subscription_cancelled,2026-03-24 10:30:50,460.0
dsp_eacci9yzop4g,pay_ia5shttiyhfa0g,not_as_described,2026-03-25 04:15:24,220.0
dsp_fmdwovsl53t8,pay_8gp6ftflnc0th7,not_received,2026-03-25 13:25:13,17098.81
dsp_gd0lnt0ork8o,pay_5ukgoysdsy3ic6,not_as_described,2026-03-26 22:24:04,628.46
dsp_wlmg0k9wumob,pay_cef5qu2lpe4v91,duplicate,2026-03-27 07:39:47,5974.02
dsp_e4e07h7d6z55,pay_dqv4j3wffdnele,not_as_described,2026-03-28 01:57:07,586.0
dsp_5u5s7073uc8a,pay_tr1bp4ng3cts3z,not_received,2026-03-28 03:30:09,5485.41
dsp_kzdtieuep9fj,pay_b95iezdbo16vuw,fraud,2026-03-28 03:42:01,3264.99
dsp_fem5hnyv6yke,pay_wr0m68lpu0enwh,not_received,2026-03-28 13:40:18,1164.53
dsp_22cv8bfoetzn,pay_kjs1mfhtj178xc,not_received,2026-03-29 11:27:38,1057.41
dsp_e10rs5zzdqou,pay_oou0co62h1fgwp,not_as_described,2026-03-30 09:05:03,825.83
dsp_0n422meyvk4d,pay_61g0pav8q99rcp,not_received,2026-03-30 14:24:36,10046.1
dsp_0zx9gc7icn1u,pay_dj3vbbh3ht8gy6,fraud,2026-03-30 14:38:00,1937.0
dsp_cirfl62zma0n,pay_6gchwtv95zfmz4,not_received,2026-03-31 01:33:24,2003.49
dsp_sz4qyhi6a5v6,pay_bm1ajs8hscnjh6,not_received,2026-03-31 10:49:02,95.43
dsp_foo37sisiteb,pay_v5rz31r9kjij3s,subscription_cancelled,2026-03-31 20:59:06,1407.0
dsp_rxwcdgmurki6,pay_sg0nuovpo76lxh,fraud,2026-04-01 19:15:43,470.0
dsp_gj0v75hyw3u2,pay_yduoxz3v1puduo,not_received,2026-04-01 23:52:28,253.0
dsp_hn1rlijnrja0,pay_8go76t655w8qdm,not_as_described,2026-04-02 00:36:58,2457.88
dsp_tf2tlt44l4v3,pay_nyqjfascx601uq,fraud,2026-04-03 13:51:03,1937.0
dsp_cc6sn87zsko9,pay_1gct0wbh4pjbkp,not_received,2026-04-03 21:33:20,6832.96
dsp_go1dnb5dqe12,pay_4mqsbkp2xrimcf,subscription_cancelled,2026-04-03 23:10:01,586.0
dsp_rzqtvci6o368,pay_xf8dccebuypo2c,fraud,2026-04-04 03:04:00,587.0
dsp_33b6j464kdsz,pay_6kzjp238of4lf3,subscription_cancelled,2026-04-04 14:33:45,262.0
dsp_n0q60xukooxx,pay_c16qd1m5hz0uvd,duplicate,2026-04-05 05:40:59,11178.76
dsp_rx6rph34o8ku,pay_kuct04c4pattbn,fraud,2026-04-05 08:53:15,5313.16
dsp_qbrvrz4rj47h,pay_t0mr4bzp4amq43,subscription_cancelled,2026-04-05 12:55:31,1448.0
dsp_jhf7lyvn2y7w,pay_gyq4teyu0591wd,not_as_described,2026-04-06 09:23:55,4788.63
dsp_ywv5352yhmti,pay_qm2vz2qdukw06m,subscription_cancelled,2026-04-06 16:27:33,4083.19
dsp_oyxq4yuoln30,pay_m097t4km80yr73,not_as_described,2026-04-06 19:52:10,1010.0
dsp_un6zme6u3rxa,pay_nj5qfm0jrr074x,fraud,2026-04-07 10:34:40,587.0
dsp_flc2nhz1djkk,pay_iwbimmy39p41k7,subscription_cancelled,2026-04-08 03:58:28,586.0
dsp_p2ch1hnl1mid,pay_kdixaqysv6a1o5,subscription_cancelled,2026-04-08 04:28:18,586.0
dsp_s51bhez7328h,pay_19zioiny8hfjt0,duplicate,2026-04-08 19:06:49,5927.47
dsp_dxujk8w7o8x3,pay_h25xpzj31j48au,fraud,2026-04-08 19:08:52,232.0
dsp_hezwc9cm97vj,pay_l3r8ibag8tk6iz,not_received,2026-04-08 21:24:24,4146.64
dsp_janfzk6nasrw,pay_nozrljsxyj67f5,fraud,2026-04-08 21:55:55,73117.69
dsp_kpq9mqt95ur5,pay_fy2du4elt026u2,fraud,2026-04-08 22:08:06,956.0
dsp_88pcblvizxgx,pay_iltr5mstyn72x1,not_as_described,2026-04-09 13:42:45,2020.96
dsp_0cch1z1r5490,pay_n6gqwjaklc4zwu,duplicate,2026-04-09 18:23:11,50498.97
dsp_kr2tehvcaxgf,pay_10zg1diqp1l28b,duplicate,2026-04-09 19:39:18,8732.23
dsp_sc6isnab3apg,pay_tqaet0go14ek24,fraud,2026-04-10 19:10:29,4668.62
dsp_huprruqhgmld,pay_cogs0h853upswt,duplicate,2026-04-11 01:13:24,10317.35
dsp_xluvz8pi5685,pay_ki27gtifppitzz,fraud,2026-04-11 02:33:23,32578.99
dsp_0yr7gn9666m2,pay_jvsyrb22n0cwvo,not_as_described,2026-04-11 03:18:28,2195.81
dsp_4mwxm4u95jyi,pay_92xqhldff5iobj,not_as_described,2026-04-13 01:33:41,1527.16
dsp_p12zvb11cndp,pay_ef52gwdmlh9r4g,not_received,2026-04-13 06:31:10,5635.81
dsp_8gnoobd9z7w4,pay_7s4csig932ukzn,fraud,2026-04-13 07:48:19,1025.0
dsp_7vjqgtpect73,pay_czsnbogidpg72a,not_as_described,2026-04-14 11:51:56,396.53
dsp_oxi9s3rvv28c,pay_3h8y9d0aqenwh1,not_received,2026-04-14 14:49:44,695.8
dsp_tfkghcqfkzw3,pay_d119xbiq8nvnbs,not_received,2026-04-15 02:32:09,15070.74
dsp_kntnqwbnfzxg,pay_5ytwkbl6pr6o64,not_received,2026-04-15 19:45:58,1430.0
dsp_19f2ojpm1zjb,pay_bq9u7oijtzoaho,not_received,2026-04-16 04:52:28,866.12
dsp_30gzz19pjdeh,pay_neztkzbmoyscds,not_received,2026-04-16 08:00:56,929.15
dsp_rlokxfmw7mcy,pay_ptj3yzaqra6wdv,not_as_described,2026-04-16 17:09:44,1870.07
dsp_x2icuoad7eit,pay_gbysy5t1624q8r,unclassified,2026-04-17 04:44:09,434.0
dsp_qbcxrbi2v4x2,pay_mavt5vyvb898r2,subscription_cancelled,2026-04-17 18:20:54,201.21
dsp_03xsckx6o9vg,pay_j1705asw0oatgm,fraud,2026-04-18 05:38:32,1884.0
dsp_x5oxgu2aog7q,pay_yzumk1jjd0cqi3,not_as_described,2026-04-18 08:15:45,96.0
dsp_pujlcy5j7o07,pay_nzszoxuwa4o1i7,fraud,2026-04-18 18:24:33,2174.0
dsp_06jpyavhgtu0,pay_6nm6il0jeccr03,not_received,2026-04-18 23:54:28,345.39
dsp_0ah7vluc3vr1,pay_4b7d2nk5mn899b,fraud,2026-04-19 08:21:23,434.0
dsp_hyby93dfg4bv,pay_s2v1ucn7xmkw8i,fraud,2026-04-20 05:03:22,36371.33
dsp_vl9ka4okdyi6,pay_fexiba9azkcmbs,fraud,2026-04-21 04:12:40,13770.61
dsp_dp5882dkgjuy,pay_8eup2b89hlwpim,not_received,2026-04-21 05:11:47,13407.78
dsp_28bvc7s2kyc0,pay_fwtb5dxpivd0lq,subscription_cancelled,2026-04-21 05:46:26,271.0
dsp_omjk7uo63aps,pay_5s6ccl7stc7yxq,not_received,2026-04-21 10:17:05,3079.65
dsp_nkly0q8jmr0t,pay_nefae4c9vn463y,duplicate,2026-04-21 10:20:13,28113.38
dsp_u1gckhr95q8p,pay_8dilavan0609go,fraud,2026-04-21 11:54:07,279.0
dsp_fb2m3yete5pi,pay_fruwcra5womna5,not_received,2026-04-21 17:09:51,6245.74
dsp_sr7e80eldazn,pay_ahovoy87cazusd,not_received,2026-04-22 14:42:22,420.0
dsp_w2xyq8kq5amx,pay_h228ga76uxhtsw,not_as_described,2026-04-23 04:42:23,1474.66
dsp_tlec72kn6zpj,pay_mib2mrziysha37,not_received,2026-04-23 11:34:26,6981.85
dsp_cpz8ilfn2ssi,pay_udxa6pw3xuxmy6,fraud,2026-04-23 23:23:28,2512.59
dsp_alozxgj161w9,pay_fwjb87zr2alvyz,not_received,2026-04-24 01:05:35,22499.1
dsp_vpma2h2o3664,pay_gmt5wljoq9xg3r,not_received,2026-04-24 05:35:57,933.05
dsp_naonm05ovtgd,pay_ba2hbh011mlnwk,not_received,2026-04-24 19:00:51,5653.43
dsp_inh96z65m726,pay_an3sa00bymn9iy,fraud,2026-04-25 06:31:50,956.0
dsp_zl6mvsw8mmxm,pay_g3mlhborkr5j9p,fraud,2026-04-25 11:45:41,14877.43
dsp_p0tz3pw4e3r2,pay_m8brnsoafcqm3g,not_as_described,2026-04-25 22:52:55,2108.87
dsp_aoui33q42atz,pay_iywctn91h46rv8,fraud,2026-04-27 03:04:22,2974.59
dsp_vgom39cjz5x1,pay_v6aran7ts2htvj,not_received,2026-04-27 09:54:33,6523.17
dsp_gh03zez6ibrx,pay_k99obk9c5x55hs,fraud,2026-04-27 13:49:06,3059.8
dsp_uy0ppm8njq48,pay_83dpugcukuedxq,not_received,2026-04-27 20:07:36,4471.95
dsp_zd2zogz02q7i,pay_i4fmvir4z8thex,not_as_described,2026-04-28 02:16:42,3064.52
dsp_awj2e4j4udl2,pay_y1riesrkqewges,subscription_cancelled,2026-04-28 05:25:34,434.0
dsp_m9weua233vpf,pay_pw2endke3hhxs5,not_received,2026-04-28 08:50:22,11638.38
dsp_z4k13tydhe69,pay_7ngv1v7y7czy41,not_as_described,2026-04-28 20:50:43,1625.02
dsp_c7hz0kifhxco,pay_4j1s3w9qwyjl7b,not_received,2026-04-29 12:42:55,470.0
dsp_xk83l8lj118v,pay_x9bqow3bxlbk50,duplicate,2026-04-29 17:18:35,3968.13
dsp_1xp9io2f2d07,pay_15efsfws5gqjse,not_received,2026-04-29 17:28:24,3526.26
dsp_7rs15l5egsev,pay_9nbi7ffb41di0k,fraud,2026-04-29 18:37:49,96.57
dsp_sooq7n1xpdm7,pay_r0lagvt2uytir2,not_as_described,2026-04-29 18:58:27,684.3
dsp_4s3auip9pnyp,pay_lhnpxfrhaylkp0,fraud,2026-04-30 04:28:24,1485.67
dsp_b5n9vnrbf050,pay_6s0abq928a94yf,duplicate,2026-04-30 08:38:07,255.29
dsp_tf8qksgzcont,pay_qf496zncjj8nd2,not_as_described,2026-04-30 10:18:23,2070.0
dsp_wggsdjn6rbrk,pay_k01ztt23v3qebx,not_as_described,2026-04-30 11:32:13,220.0
dsp_6yrcw2l4kaa7,pay_aul2npozbba6hs,subscription_cancelled,2026-04-30 19:45:42,493.0
dsp_k44g7yy2u4ev,pay_v45llaci4f5ln8,fraud,2026-04-30 23:07:39,207.0
dsp_z30zef3ls1lr,pay_g80074onoffswm,not_received,2026-05-02 02:44:44,370.0
dsp_xdgpa5yhooso,pay_rjwye5ntsf0q7r,not_as_described,2026-05-02 07:21:02,1577.42
dsp_rlte6qcynebh,pay_03goj9d5cb4cje,fraud,2026-05-02 09:59:20,39534.43
dsp_35ojxxwjvoqe,pay_8l2vb0eu3xr8o2,subscription_cancelled,2026-05-02 20:09:25,470.0
dsp_gafel71xetid,pay_2pzg31yhdfpmjk,not_received,2026-05-03 06:40:02,11099.17
dsp_cn8o7vyvubqy,pay_haesivazpm5rmh,duplicate,2026-05-03 08:50:47,6890.37
dsp_zggsf9z6br8c,pay_rjp1p9q1oib1x5,fraud,2026-05-03 14:24:54,4743.19
dsp_tkf712lw8tfk,pay_ehuz3ojn2wyxss,fraud,2026-05-03 15:33:28,26623.09
dsp_nyjkaeavoxic,pay_epj8dvd1tvm8uw,not_received,2026-05-04 00:50:38,1188.64
dsp_tj3ddyddzd2q,pay_hhw6m9vat6nc1c,fraud,2026-05-04 03:06:56,12428.47
dsp_fd198p2ttjkk,pay_5z3jhgcr74jmrr,not_as_described,2026-05-04 21:06:07,4121.14
dsp_5htdy5l0h9cc,pay_0nsxyltg74jiar,not_received,2026-05-04 21:29:49,222.38
dsp_h5bhixyh557i,pay_h4irakqowsgudc,subscription_cancelled,2026-05-05 03:08:40,1407.0
dsp_f7uqpyavm93a,pay_v9zq565y1uvmcn,fraud,2026-05-05 06:45:28,1884.0
dsp_so6uh0mgwpzt,pay_s7g6qx6709ua3y,not_received,2026-05-05 17:17:43,7740.74
dsp_xetvo9wfjeqc,pay_nk08izztut0mrm,not_as_described,2026-05-05 19:37:20,2253.29
dsp_115zrjzf40or,pay_aytr42tb6z299y,not_as_described,2026-05-06 11:25:04,1324.97
dsp_b3fzt8y6pm9w,pay_lbxud1peulst7n,fraud,2026-05-06 20:34:34,3185.18
dsp_i9km8q2ox09s,pay_nwukei1j7b8of3,not_received,2026-05-06 23:37:01,12780.46
dsp_irft2z266trn,pay_nx3naxgtcd89oe,duplicate,2026-05-07 04:43:34,11356.65
dsp_h9wz9653j43k,pay_006n3ypwkdmg7a,fraud,,96.0
dsp_r6dfdhsx6dd3,pay_ytvs61yurer0uu,not_received,2026-05-07 18:59:54,12502.48
dsp_5k9pvq1lxl1r,pay_chjui3usr6iig8,not_as_described,2026-05-08 03:33:07,806.08
dsp_zjlurtxtcbe5,pay_v9ij1gtdb77yd9,not_received,2026-05-09 00:31:15,457.58
dsp_0f1xlw6hy5gn,pay_liodbfqhtkttqy,fraud,2026-05-09 00:42:13,279.0
dsp_ot3cyx0ck3d8,pay_ax4y06tvlus5o0,subscription_cancelled,2026-05-09 04:39:11,603.0
dsp_iejud1ntyvfv,pay_mzg881uctwl3dt,not_as_described,2026-05-09 04:40:59,5438.18
dsp_kxk5mmd0mive,pay_dmoykvbqnnk5wy,not_as_described,2026-05-09 08:26:11,2160.0
dsp_83592061lxby,pay_zld1zpbymifcqj,not_as_described,2026-05-09 16:52:09,1640.0
dsp_cbin6kh3ss7d,pay_9uperc3yr8wq2n,not_as_described,2026-05-09 21:39:49,803.48
dsp_1ays0ktcj1j0,pay_on621l97eji4ke,not_received,2026-05-10 09:22:30,1238.23
dsp_wpsq0xfz6bcl,pay_bp21vutqddvtou,not_as_described,2026-05-10 15:08:56,684.16
dsp_ir0ff5j00xr2,pay_2gkle6j220ozpq,not_received,2026-05-10 22:01:50,207.0
dsp_qa1gxoj2ribj,pay_p3spq4jys2bb2f,subscription_cancelled,2026-05-11 04:15:07,3554.48
dsp_ampq11q4j33f,pay_4gbi7l4v1nwk1v,not_received,2026-05-11 07:27:46,1312.81
dsp_nhm4wlh3ve6u,pay_dpjkdwuvvy0plp,fraud,2026-05-11 15:12:45,777.24
dsp_jqyzeb3keicq,pay_k8ufc67gh6vcdh,not_received,2026-05-11 22:18:52,4014.12
dsp_ossayp2exrxm,pay_zc62aapzi1acl0,fraud,2026-05-12 10:21:23,1120.0
dsp_2av8mrq2nxti,pay_0521rniq31yjn7,not_received,2026-05-12 12:10:37,935.17
dsp_5qtrre7c11ez,pay_cf2a4qtg6vpnpn,duplicate,,5967.84
dsp_wujs78ndo6te,pay_2xvehu6fmyxhvn,not_received,2026-05-12 18:44:22,8690.32
dsp_1uqnude7wwuq,pay_c7pdtryvt4t7f3,not_received,2026-05-13 00:08:04,3722.4
dsp_i97ve11vkbmw,pay_kkrypxhgjx84tz,not_received,2026-05-13 06:09:21,2831.77
dsp_g5ne6lajssh4,pay_x4j6mv52bs305m,not_as_described,2026-05-13 12:52:29,10216.68
dsp_2m2ov47z7pre,pay_hqdnxqlluh4sef,fraud,2026-05-14 06:28:49,387.0
dsp_50uoqfwav7fv,pay_v23ep63bg5a6z4,not_received,2026-05-14 23:28:29,23012.43
dsp_8zsg3cor3yj4,pay_jsgy37ddbpf1fs,not_received,2026-05-15 15:34:45,7793.86
dsp_l59b3h18qmwr,pay_x6k9hlwzzi9wxj,duplicate,2026-05-15 17:04:21,5442.21
dsp_xtbcwn7rp5zi,pay_j2x3gxwva693qg,fraud,2026-05-15 17:14:13,225.0
dsp_7pap0cjz4okw,pay_bcad7esnnczdij,not_as_described,2026-05-15 19:03:59,5020.68
dsp_ademedvbmkt0,pay_12boykpcfi4riw,duplicate,2026-05-15 22:20:24,79.79
dsp_n4u55gkz2wp0,pay_fxt22b9ipj9kbb,duplicate,2026-05-15 22:47:37,4022.44
dsp_bg3iotd733tw,pay_wg0v4rzpihf4tj,fraud,2026-05-16 10:19:03,992.36
dsp_sws4vm5ylcbc,pay_w6t9585yh9g5lv,not_received,2026-05-16 11:43:36,5151.66
dsp_hk8m1nqzzzw9,pay_lg2a1kxv1aptxx,not_received,2026-05-16 16:06:58,15014.89
dsp_j24lerjo928l,pay_kdhz4938h9yfhu,not_received,2026-05-17 15:07:52,2873.66
dsp_6gzzu1c9gks9,pay_w9w7fw5gioii3h,fraud,2026-05-17 19:05:54,1675.0
dsp_rl20kbqv1ymc,pay_45k2p1fepqejjz,subscription_cancelled,2026-05-18 05:06:48,9390.09
dsp_0grqqjl4nkx2,pay_67q0lh5rr7pjge,not_as_described,2026-05-18 07:49:50,870.05
dsp_jdxnlmzdjefp,pay_gz9iepi7v1trjw,not_received,2026-05-18 12:17:00,4624.39
dsp_az6bm1wlzl9k,pay_ic9xjwp0mot5oq,not_received,2026-05-19 00:38:40,1937.0
dsp_phwwbnrqjy1c,pay_oyp56tmko9lm6z,not_received,,253.0
dsp_tabk3h48l3x9,pay_h2a5qzjlkg44wr,not_as_described,2026-05-20 14:20:19,1530.0
dsp_k93prqsqt4ep,pay_e1vgvvuexgoir5,not_as_described,2026-05-20 23:28:55,1225.33
dsp_ve1mp7rvtytw,pay_tx0t3cd40r2wki,not_received,2026-05-21 08:10:01,3333.2
dsp_18varn6zccoe,pay_e9w36kcdebzcaa,not_as_described,2026-05-22 03:46:09,3352.65
dsp_7h8hx4pqte3l,pay_xtrajuz93c6miy,not_received,2026-05-22 12:08:45,8225.16
dsp_7pb11apthcb5,pay_kwa32wp07zfxp6,not_received,2026-05-22 13:00:49,75207.35
dsp_oq8mggrxvzef,pay_5p61j9e4zrj64e,not_as_described,2026-05-22 17:22:48,2376.91
dsp_hyd4w2nxwz44,pay_wv84qomvkcvdsa,not_received,2026-05-22 17:33:17,5587.05
dsp_pvxi01b28qht,pay_d3b9i848946em0,not_received,2026-05-22 20:41:12,640.0
dsp_ij5xfaefozyb,pay_yhhhdar0xmzso5,fraud,2026-05-23 07:58:55,1025.0
dsp_74wi6u1997m9,pay_e0va0zu8eyzqn4,not_as_described,2026-05-23 17:28:46,223.1
dsp_gi65bii27ey9,pay_qo0e3vmjeuj4io,not_as_described,2026-05-24 02:27:46,2500.58
dsp_4os7ncn7jy7f,pay_dyawaumtmmvihg,not_as_described,2026-05-24 13:09:21,400.0
dsp_8hggm9d79gtq,pay_gbxbzedteppxgg,not_received,2026-05-25 02:11:06,9227.42
dsp_swkzpwtphpwg,pay_x2r331fvw3v63z,not_received,2026-05-25 08:51:17,16673.63
dsp_ft7gr4k8pnd6,pay_0ydd73ty8nclst,fraud,2026-05-25 14:37:38,3257.12
dsp_5ewicncq9zn2,pay_hxctrp5l7kxxqd,not_received,2026-05-27 03:32:36,4360.05
dsp_nmad4epsq2fv,pay_h2rzc3row21ov2,subscription_cancelled,2026-05-27 14:07:32,1106.0
dsp_y7n74cmjp4zt,pay_xbk5wu1fbh0ivb,duplicate,2026-05-27 18:13:37,533.23
dsp_lsrb8g1pedpx,pay_dtdosjgzu7muoa,fraud,2026-05-27 23:49:59,13166.46
dsp_18xyjiery4at,pay_ua373y83gkpnya,not_as_described,2026-05-28 06:08:09,1400.72
dsp_e8fiwq8m1foy,pay_5azjd6u66vczs5,fraud,2026-05-28 18:39:33,5059.06
dsp_vhhq1oxxue1u,pay_7yptohhlvnzpp0,not_received,2026-05-29 12:09:45,13701.02
dsp_utgruehpxyus,pay_29gr2t13m2axcj,not_received,2026-05-29 17:02:18,7605.86
dsp_lcf1fjnjz11s,pay_pg86nai07p56g3,not_as_described,2026-05-29 21:32:49,1443.8
dsp_1sf60dlyq2zf,pay_g899ud3fj7i032,duplicate,2026-05-30 04:40:47,32077.09
dsp_tmy3dwrtny08,pay_416a2mzr6h8po9,fraud,2026-05-30 16:34:38,18540.59
dsp_2quszck9bszp,pay_dsmenw1r45re66,fraud,2026-05-30 18:41:00,108.0
dsp_5nuaso4j1vya,pay_8e7ul9cm6p7ak0,not_received,2026-05-31 11:43:25,10905.62
dsp_ag2i0f9rrwgh,pay_pvyuzzzvamsgr0,fraud,2026-05-31 14:58:01,1699.32
dsp_eg8j5uqmznzo,pay_19hyl8jo80qbuy,not_received,2026-05-31 17:20:19,24384.69
dsp_hj21jy4mbfgd,pay_3jpwmna1ycqrx2,fraud,2026-05-31 23:32:15,387.0
dsp_dp44lkil1lr9,pay_o1prtvle5ob0y3,not_received,2026-06-01 01:28:45,8150.1
dsp_hw0nykfzwbgw,pay_t8jie0mge4vuoc,subscription_cancelled,2026-06-01 02:57:30,4840.87
dsp_7siuv7bf9sas,pay_hcpm89falvr2u4,not_received,2026-06-01 05:38:55,13918.71
dsp_23tar02fkt2k,pay_ggrmy8gc5euzka,not_as_described,2026-06-01 09:30:06,3317.51
dsp_rjpi2oss1h7f,pay_yxx5p26aynz0pb,not_received,2026-06-01 11:49:24,387.0
dsp_3nbzgufieruk,pay_918ylv8e4i097k,fraud,2026-06-01 14:08:56,2138.42
dsp_57fy9r779rwt,pay_7l2wa64iqhc4uz,not_received,2026-06-02 05:02:06,11615.85
dsp_v3q5v8d7bpd9,pay_1n3yt4yskeyw06,not_as_described,2026-06-02 05:19:03,6528.68
dsp_tmuundyumxbw,pay_b4djqqayoyw8s8,fraud,2026-06-02 08:18:51,2310.0
dsp_3n1em35eatc6,pay_zfg18pakwagacc,not_received,2026-06-02 14:22:28,23312.57
dsp_v4yhvo9i060a,pay_nxdvzip6rx4w4a,not_received,2026-06-02 15:50:17,1444.21
dsp_xsrhlim4f56v,pay_y0bor3xp3pkokj,not_as_described,2026-06-03 12:47:22,2070.21
dsp_hikp13tjgl3y,pay_3lj2buid4n9rcc,duplicate,2026-06-03 13:32:41,9714.11
dsp_2xt7e3wct5av,pay_mkmo6rsmtrca5x,not_as_described,2026-06-03 17:08:54,4043.54
dsp_oemqkhzx884w,pay_tz06fgjh3x665i,not_received,2026-06-03 20:51:13,17407.63
dsp_d0li5xmxu92t,pay_ve84770izhb1vd,subscription_cancelled,2026-06-04 00:59:21,211.0
dsp_jfssyo0t0ysl,pay_nm1n5dykjgjuza,fraud,2026-06-04 03:34:07,206.85
dsp_wkwx9y4epgv4,pay_zhxtpwkbslrlcy,fraud,2026-06-04 08:54:16,852.0
dsp_g6d4pn0rf4jv,pay_fzqixuv758rgne,subscription_cancelled,2026-06-04 08:58:07,2346.47
dsp_4vg15v16ndqc,pay_8uavkyoieu22yd,not_as_described,2026-06-04 10:16:58,1939.39
dsp_7jilgq720njy,pay_on98hddv48yobg,not_received,2026-06-04 14:49:00,9815.27
dsp_km3hbntnsizo,pay_l6uu8qp98313s9,fraud,2026-06-04 15:00:30,11292.3
dsp_cml49v5c3g3j,pay_jg8zk9sx04qqw4,not_as_described,2026-06-04 15:25:37,2810.8
dsp_y7eu9xjwpvb9,pay_snm1rzja9j0cj4,not_as_described,2026-06-04 23:44:37,2450.32
dsp_maxrnr27glrt,pay_5axcnl18geatkm,not_received,,12995.46
dsp_u0l47mgnppwj,pay_igqor7sitorp5f,subscription_cancelled,2026-06-05 22:18:38,263.0
dsp_pquo1l5d3aao,pay_c55wqfq4btkwtp,subscription_cancelled,2026-06-06 01:20:12,262.0
dsp_syk1gsqjd6qi,pay_vf5p8gghqafpfk,fraud,2026-06-06 08:07:52,2174.0
dsp_zbjsg2wlbqdd,pay_xiimt49chxsov7,not_as_described,2026-06-06 18:15:01,5902.33
dsp_bo1ipe285s0q,pay_v9cgdpystrhxsf,not_received,2026-06-06 20:21:46,1685.99
dsp_t4pt3xfqusc3,pay_2mkdiq5copx441,fraud,2026-06-07 01:13:27,956.0
dsp_ha8wt02dglxj,pay_2me0l9qxzm3fmm,not_received,2026-06-07 02:37:45,225.0
dsp_7y3glcqxq7yv,pay_8rqcvrvsb618so,fraud,2026-06-07 20:29:02,929.0
dsp_svlweurf25or,pay_fxy3pttow9c7re,not_as_described,2026-06-08 19:11:06,2149.14
dsp_g5wldp9vntfd,pay_5sjf8ew7xqok1z,fraud,2026-06-09 20:26:11,343.46
dsp_yq1mod3lisbw,pay_dlqloc7vu0cqra,fraud,2026-06-09 21:01:05,2285.76
dsp_ejxxrlr7nxup,pay_u40hyjvkv7r67l,not_as_described,2026-06-10 12:43:43,2254.85
dsp_6r2halbbur77,pay_94jvir65cup8bx,not_received,2026-06-10 20:19:32,1224.9
dsp_nik9a7jfjmiv,pay_pdpbr99ebd065d,fraud,2026-06-11 09:07:33,434.0
dsp_2hp980y4mr1m,pay_r59ez72ul4n42s,subscription_cancelled,2026-06-11 10:58:32,5377.88
dsp_r3o5dafa1a7f,pay_4nmrwapnh17mxh,not_as_described,2026-06-12 01:57:05,1724.38
dsp_lrg8li2z94ay,pay_6mdsnug3axfj6b,not_as_described,2026-06-12 02:22:03,2412.26
dsp_o2x93mudqciw,pay_jrxtrz3a1j0qwt,not_as_described,2026-06-12 02:44:29,3124.92
dsp_8zdzpanfpft8,pay_5e4ogf06bogc7l,not_as_described,2026-06-12 10:40:44,903.15
dsp_txjh545yys8c,pay_bz6xj1n8f7n6pn,subscription_cancelled,2026-06-12 20:33:23,7529.85
dsp_qearltmckspx,pay_eaozol3n1gcswy,not_received,2026-06-14 23:54:57,3690.57
dsp_76pr6bz7r2l9,pay_eqbiz44hh1gds8,not_as_described,2026-06-15 08:26:02,2114.86
dsp_zu2qk9vs1xe2,pay_q9tnnthmb93nes,fraud,2026-06-16 07:32:45,2339.44
dsp_10w7djvl99uo,pay_i2fbngaqt96efa,not_received,2026-06-16 08:22:24,2397.13
dsp_2y1hws1sb4xj,pay_ch2fwe96mi8zh7,not_received,2026-06-16 10:17:00,105.0
dsp_wcyd8vrecagi,pay_ia3y1rbv5a5amm,not_as_described,2026-06-16 13:49:30,3346.58
dsp_gn7epconjvp7,pay_dydnt5nqw5j8m5,not_received,2026-06-16 21:25:17,3416.89
dsp_ajf4t8o16ykf,pay_6n0dy3kzx47ugz,subscription_cancelled,2026-06-17 05:23:52,3129.95
dsp_5oxs3grrta26,pay_wt71y2ks2noi0i,not_received,2026-06-17 20:17:13,2963.3
dsp_d4odfs3ape5f,pay_yzlhd1a3w5y3u6,not_received,2026-06-18 03:17:25,53967.69
dsp_y4lh7tx3tsvy,pay_940ffx91nt1n29,fraud,2026-06-18 21:59:44,1224.12
dsp_2k6d0wmyvzeb,pay_8sa620abmnmdec,not_as_described,2026-06-18 23:00:25,2840.0
dsp_vfic86m5m10z,pay_59qdd7sja3sty9,not_received,2026-06-19 05:35:15,929.0
dsp_akogkmspv9l1,pay_9een8z1mijn4ip,not_as_described,2026-06-19 08:34:19,620.0
dsp_3hy8gyf6rjjf,pay_v5rbcrnple7trb,not_received,2026-06-19 08:35:31,1163.69
dsp_gr3rkgtiewj3,pay_79hu41dftb7z0i,fraud,2026-06-19 19:15:39,3783.53
dsp_f4yzclmb5a34,pay_dkowdx2ef04f6u,not_received,2026-06-19 22:20:33,1905.99
dsp_sdahba48juhj,pay_ypwfff4ogubhyz,subscription_cancelled,2026-06-20 12:46:04,429.52
dsp_u7kd62ixs26n,pay_6una35n5yotp83,subscription_cancelled,2026-06-20 15:20:27,192.0
dsp_ux17enpngsoa,pay_u7lqlcxk53ow6j,not_as_described,2026-06-21 02:23:27,1270.0
dsp_nagpoqv5gghk,pay_53py96al0n13et,fraud,2026-06-21 15:23:44,15201.36
dsp_lm78zrnh3wjw,pay_hi57ty4iy3e1is,not_received,2026-06-21 21:00:44,11345.51
dsp_q4cp07gyg09c,pay_odgrd4urv1akzj,duplicate,2026-06-22 07:59:32,284.67
dsp_j06he1isrcxw,pay_ow6naqcboz25go,not_as_described,2026-06-22 09:06:42,19863.34
dsp_cqq33d0evf8i,pay_4k5moa4p9n8ppl,not_received,2026-06-22 16:40:40,13917.72
dsp_yejlqra5tlu5,pay_qh7zrv8iyklzp6,not_as_described,2026-06-22 20:41:37,810.0
dsp_dzjmmyea43ia,pay_hdw939gzp71ts8,not_received,2026-06-23 04:00:02,1244.52
dsp_abmibmivqzet,pay_h86286dk9liihe,fraud,2026-06-23 12:11:02,2113.0
dsp_72w7i4f3pygi,pay_dwzfavackgdcy7,not_as_described,2026-06-23 13:34:18,4260.0
dsp_96rmzhwyj6ua,pay_2c5kq5tpeqh3gv,subscription_cancelled,2026-06-23 16:46:57,262.0
dsp_iiizp9ucqvos,pay_oz9nmwwylhchzs,not_received,2026-06-23 19:38:56,12219.77
dsp_r0ugmmi01q2e,pay_2xp4u4tf3z3xq1,not_as_described,2026-06-25 03:48:24,2096.11
dsp_8nz5qeiqoid9,pay_2jib40vvf1ejex,not_received,2026-06-26 05:56:29,1160.14
dsp_cqeem00ralg0,pay_zm08qdjctovx6g,subscription_cancelled,2026-06-26 10:27:40,211.0
dsp_4onrf1oigc6w,pay_ai5praor4tpeml,subscription_cancelled,2026-06-26 11:25:07,5080.5
dsp_zw1ne57argql,pay_nns6w46jl9wz1h,fraud,2026-06-27 06:06:20,225.0
dsp_7vp7dawmmniw,pay_44oistnv6et0bh,fraud,2026-06-27 07:28:14,35328.92
dsp_l1fw0xbxxyph,pay_n7tr0si7sw6ta6,not_received,2026-06-27 17:46:08,3040.0
dsp_alw2q5aeny8z,pay_1pmbogbiofg394,not_received,2026-06-28 06:51:05,5346.29
dsp_poluzhiml6zo,pay_wk8gz2ts27lngc,fraud,2026-06-28 08:16:01,387.0
dsp_k3ho7sxufvot,pay_0a9kmbgc2rf415,not_received,2026-06-28 11:01:18,4889.72
dsp_e1rq8043v2j9,pay_0250v0ng404u1u,duplicate,2026-06-28 12:51:06,1310.0
dsp_7nn64txw5yi7,pay_g0ogc0f5tv6682,not_received,2026-06-28 13:37:29,8338.98
dsp_t3djpij14kkh,pay_tih12z0d103cz0,not_as_described,2026-06-28 21:57:52,2962.35
dsp_mw1cdaaz49xa,pay_cbhfwfy5lg5014,duplicate,2026-06-29 03:06:24,7494.91
dsp_1d893ry4x8ep,pay_u2htoxj7fyipcp,not_received,2026-06-30 01:43:36,910.0
dsp_d10v81a3e2zn,pay_ulfhzgrampakrh,not_received,2026-06-30 02:03:36,2900.0
dsp_spphv3a2gipt,pay_2kyb1a6zbkk3n0,duplicate,2026-06-30 14:08:18,2319.59
dsp_cs46xsx6buge,pay_3legeadr6i4ggn,subscription_cancelled,2026-06-30 17:46:46,1130.0
dsp_515fgd46m5rg,pay_xbfuxm3bogn9as,not_received,2026-06-30 19:32:59,1360.2
dsp_yhnk3d72jsk3,pay_y6o46v257w80y9,duplicate,2026-06-30 23:57:10,2058.29
dsp_fzlnjmjahhch,pay_05gev1yugr36wl,not_received,2026-07-01 14:49:54,11135.63
dsp_9ruotoa3kyx1,pay_qjy9h4lul3uxch,fraud,2026-07-01 16:53:13,17528.07
dsp_k2sxdfrizkip,pay_7zumzp3aw7bgkg,not_as_described,2026-07-02 10:49:04,829.47
dsp_7oy5caintegy,pay_9ysnan0jj85yao,fraud,2026-07-02 10:51:23,232.0
dsp_votvknt8vu49,pay_7k2papozaod0nq,fraud,2026-07-02 15:28:23,1025.0
dsp_ggzb1zpm750n,pay_y6ftbqqinihpq4,not_as_described,2026-07-02 23:11:58,670.0
dsp_68r0snfu9zrl,pay_r4ka0akg7xjub8,not_received,2026-07-03 14:25:33,96.0
dsp_9vibafmsmfpl,pay_0np84y4lkr9dfd,not_as_described,2026-07-04 01:57:10,1561.0
dsp_cxrfd0g7boy4,pay_hiuyhcuyvnn2ka,not_received,2026-07-05 04:38:09,952.76
dsp_6hu7k1ju273n,pay_u7flny4q8hz6b1,not_received,2026-07-05 19:06:59,9956.29
dsp_i5u9ma2c96s0,pay_9b7033ikoec95k,not_as_described,2026-07-06 04:56:54,830.0
dsp_3nwuc9al3u73,pay_d83x1cr6jodo8t,not_received,2026-07-06 23:54:37,9969.67
dsp_cjjqudd8v9e0,pay_iqutolsns9os8n,not_received,2026-07-07 05:50:04,530.46
dsp_1rq4pjphqwmi,pay_00ujme9wg0k346,fraud,2026-07-07 09:40:54,159.0
dsp_a4u6i3qb7wzw,pay_u3if8lq6xvgnen,not_received,2026-07-07 14:51:35,1025.0
dsp_c98p2aob1hrp,pay_b8eio9y8dgoan6,not_received,2026-07-08 03:31:11,40553.55
dsp_i7xakqw9odqx,pay_jl3lyeroac7zuk,not_as_described,2026-07-08 07:59:33,1600.88
dsp_kp0ljdr0flz2,pay_puumayexhl4ed0,not_received,2026-07-08 08:30:47,740.82
dsp_ner3lprsvxcl,pay_68o2q14ag71bs4,fraud,2026-07-08 23:58:23,326.32
dsp_bl4w2qz2eb7q,pay_uqw18opi937srx,not_as_described,2026-07-09 12:55:48,530.0
dsp_84w689g700ce,pay_5dpc0eh1mv074h,not_received,2026-07-09 15:59:23,10479.17
dsp_gx3i0ipxgja6,pay_4qms4xqajimeb2,not_received,2026-07-09 23:53:35,1326.24
dsp_tmry4re02ld5,pay_328gf2i06bmk65,not_received,2026-07-10 04:49:13,3577.33
dsp_26zajnqy4st0,pay_com9had8c5gfuz,fraud,2026-07-10 14:55:04,4588.43
dsp_c39jfeezepmu,pay_xf6zcs0x1mr7y3,fraud,2026-07-11 03:12:34,83.0
dsp_d2150rvhdqg9,pay_isy5v29a6rt99s,fraud,2026-07-11 08:53:02,274.58
dsp_ac56frnisi4n,pay_bbqtlidrmhcbrq,not_received,2026-07-11 12:19:14,645.97
dsp_c5403rb7nqir,pay_0upuvla0s2xm48,fraud,2026-07-11 15:08:52,6108.38
dsp_ceyi0gvlvsxp,pay_vsiflycicac6su,not_as_described,2026-07-12 00:46:49,906.47
dsp_5vwuhhyzv7as,pay_uula9f7cse91pt,fraud,2026-07-12 08:10:44,36674.45
dsp_cbg7vqfypjhu,pay_guhxn8h88i8h7e,not_as_described,2026-07-12 08:40:07,3219.65
dsp_96hsfneg158s,pay_utjttfkphp02r3,not_received,2026-07-12 10:08:19,1762.35
dsp_cwe1sthznhzp,pay_qcsu703qdikg1t,fraud,2026-07-12 18:58:36,409.98
dsp_xev39fawc62s,pay_njc7kuxvogfm2l,not_as_described,2026-07-13 15:18:54,4058.83
dsp_txn43nzcpsp9,pay_b3j26rtiq59hes,subscription_cancelled,2026-07-13 17:33:50,263.0
dsp_tl8wyb60rouu,pay_k5ts96mbpsn4lu,fraud,2026-07-14 11:11:53,5281.76
dsp_v186vt9j6nql,pay_c4mgy3alanq318,subscription_cancelled,2026-07-14 15:59:20,518.39
dsp_7i30kt6bk9cx,pay_ksmiyjd0qicg0b,not_received,2026-07-14 17:13:34,5344.99
dsp_zdiug2l1gv9h,pay_ngjaoaorauls0d,fraud,,22528.69
dsp_tff04vx0xdiv,pay_hro2oemr5emi1d,duplicate,2026-07-14 23:03:59,7350.68
dsp_lo7ccur4epud,pay_97xw4akuov4mng,not_received,2026-07-15 10:55:39,1550.45
dsp_r2omkujeqda8,pay_ry5sxchfide1fk,not_as_described,2026-07-15 13:48:31,1761.61
dsp_bca814shriv3,pay_g58209rsvzs9d5,subscription_cancelled,2026-07-15 16:11:10,1407.0
dsp_sv2adfc33hty,pay_s8o8esyyhnocck,not_received,2026-07-15 16:28:58,3007.3
dsp_r0dgyb913dyu,pay_4m9wjz2c5rhv8m,fraud,2026-07-15 23:19:50,3588.02
dsp_vq1hnaoswfwg,pay_vzz5cs3m4fym88,not_as_described,2026-07-16 18:02:09,1255.3
dsp_yhnvvyco7ue6,pay_3m0vulbtx3u6sd,not_received,2026-07-16 18:10:53,13004.96
dsp_alqn6yp9ztr5,pay_ps9e11yb151opn,fraud,2026-07-16 18:25:30,266.0
dsp_a9ot8nexknel,pay_8s6cakev3ffwdc,fraud,2026-07-17 18:40:50,6355.77
dsp_4csvnniud561,pay_ptp3idttr6ozlh,not_received,2026-07-18 18:12:48,730.84
dsp_014xjcy3r1fd,pay_fawxfafccouim8,not_as_described,2026-07-19 07:10:50,540.0
dsp_67gd8omnaop1,pay_wakvod26z88rbx,not_received,2026-07-19 09:04:00,1401.16
dsp_gryuwt79gqpy,pay_bvmirk1iv6s7zg,not_as_described,2026-07-19 09:48:25,593.8
dsp_1lmwp4ojogmz,pay_ry0v3spknje2jj,not_received,2026-07-19 16:44:18,670.0
dsp_lquhkgqrnj31,pay_mp9lup6dfum1fk,not_received,2026-07-20 09:02:46,9092.36
dsp_vfb9fv4260v2,pay_srbu8u47375nrc,fraud,2026-07-20 10:37:28,83.0
dsp_1afolx7t655h,pay_sol3s18cmfxcjg,fraud,2026-07-20 11:01:07,96.41
dsp_9usnne1t1qgk,pay_5lrktvs0tbzc0q,duplicate,2026-07-20 22:39:52,11095.56
dsp_35g9nmm6ehuk,pay_cqx1twv2ubflwj,not_received,2026-07-21 11:35:58,797.33
dsp_vfivp2v8izri,pay_bipxuu04pc5e2w,not_received,2026-07-21 14:40:10,232.0
dsp_vkt9o0dfjqa1,pay_23iqu49dfxcv1t,not_received,2026-07-22 01:08:56,200.0
dsp_kcwbafaqx3xy,pay_zm93krrfhjlpj0,not_as_described,2026-07-22 02:42:43,1647.35
dsp_qg7l3339a6ug,pay_9qyzdcwwz2r3g0,not_received,2026-07-22 04:19:01,376.0
dsp_v8qo3jy0rp3z,pay_343cdn7s3uqdo2,subscription_cancelled,2026-07-22 17:57:36,4151.17
dsp_apra7x4qg7u3,pay_qsfytlwoz2o9n1,duplicate,2026-07-23 03:56:32,8861.93
dsp_hx0tct5pjjp3,pay_2z36n1kn04fwnv,not_received,2026-07-23 14:50:37,2330.0
dsp_4fhspdr57ndx,pay_mc65i7b6atxwan,fraud,2026-07-23 17:49:17,28555.18
dsp_s597lpnpcbn8,pay_on4iresu46iqhq,subscription_cancelled,2026-07-24 11:01:23,258.0
dsp_vjxgv2pw0jlo,pay_blrclut6m4pwb2,not_received,2026-07-24 15:08:05,1673.84
dsp_97o8fxlp1hw2,pay_kbehp30et5jn8u,not_as_described,2026-07-24 20:15:40,2773.72
dsp_my5621i7ww57,pay_x9nb8gabw77b80,not_received,2026-07-25 03:12:50,266.57
dsp_bveef9gdxxxt,pay_fcjuelcpq2jtv1,not_as_described,2026-07-25 12:29:13,4181.43
dsp_klksl280gxae,pay_nksak2e2homg1t,not_as_described,2026-07-25 13:21:23,1010.0
dsp_xub8icy6qvad,pay_5w7pqfcgqn3s81,fraud,2026-07-26 01:48:44,5322.79
dsp_52pkh6f2kkj3,pay_57255lqgyz0jp2,fraud,2026-07-26 04:13:55,2330.0
dsp_f0424rxtvmas,pay_5pppz6zg18u98a,not_received,2026-07-27 21:16:53,635.37
dsp_7nnmnxg1paff,pay_gexqkx3u8ynxjl,not_as_described,2026-07-27 23:22:27,340.0
dsp_j4yrextjojwv,pay_on3ktvsspf2oz4,subscription_cancelled,,271.0
dsp_pl4iajexgx76,pay_69q1w2tlofrnfk,not_as_described,2026-07-28 18:15:29,1924.51
dsp_0pahtun6bxj5,pay_s5q97s9zndfeiz,not_as_described,2026-07-28 18:22:01,1790.0
dsp_0iot86xyx743,pay_6yston0c5kp2qn,fraud,2026-07-28 20:32:36,260.0
dsp_km7ssoz4yyyz,pay_iybedq5ubdz2y4,not_received,2026-07-31 08:00:20,19332.24
dsp_1gvks8e1pqan,pay_flfs818m30uuow,fraud,2026-07-31 11:07:07,33396.54
dsp_uwoxnxcopjhu,pay_xjrw6gpfvncom5,not_as_described,2026-07-31 18:42:33,5360.0
dsp_nhzni4fu0eit,pay_irtb8vf4m5doqr,fraud,2026-07-31 19:15:38,2113.0
dsp_tgkp4tgnxwaq,pay_capor54n5ux5x7,not_as_described,2026-08-01 06:11:43,3236.26
dsp_x4z6v2un92or,pay_re9k1w7dpu1ob7,not_received,2026-08-01 11:51:39,7169.27
dsp_aqa99qr4gx73,pay_r3fb96n66bedg0,not_as_described,2026-08-01 19:14:12,1516.88
dsp_uoxtm04fpe6s,pay_y2rxrj6uwu3fde,fraud,2026-08-01 19:36:32,1335.0
dsp_yi7pdenkbyzq,pay_j6t8iwjknz58mx,not_received,2026-08-01 19:47:06,1986.07
dsp_xrwini3xcotk,pay_oune0st4gc4nbu,subscription_cancelled,2026-08-02 00:17:18,603.0
dsp_2avfi1j9k94g,pay_qwlc287g9eg1wj,fraud,2026-08-02 13:27:04,9070.75
dsp_s3dap1izbnx2,pay_wlyblah0hcqef6,not_received,2026-08-02 16:54:56,4127.52
dsp_kb28m3g4poqf,pay_hu23vdy9joc63s,fraud,2026-08-02 18:41:21,200.0
dsp_tli1rpi43bqh,pay_86eoypx7xo1vfg,not_as_described,2026-08-03 09:27:49,1380.0
dsp_xe548r1rwz8n,pay_qkx41lmnhw5enn,not_received,2026-08-03 16:53:11,7966.36
dsp_y9g43mvx5hzt,pay_44ph5hu4jaaoj9,fraud,2026-08-03 17:12:39,493.0
dsp_ahd00zhf3g7i,pay_yxknskmtg7ktus,not_received,2026-08-04 02:27:53,32200.47
dsp_jjptw5qnjmsp,pay_iqdcuhu9g1840i,subscription_cancelled,2026-08-04 12:11:08,262.0
dsp_ws5jx4z2kp5n,pay_gewhq5yst4ori1,fraud,2026-08-04 14:46:15,16120.31
dsp_1sx0b1beyg0v,pay_nzkjxmxafer1dd,duplicate,2026-08-05 15:28:32,1407.0
dsp_8xfmfj5pprkw,pay_8sk30o1cpzexc2,not_received,2026-08-06 04:26:48,434.0
dsp_41b3zu8b31q5,pay_58xpgc51ekhji2,not_as_described,2026-08-06 09:32:54,720.0
dsp_esdi5x6l3ymg,pay_lmuzczag61g78f,not_as_described,2026-08-06 09:47:04,1125.66
dsp_wtb9hbpg7ily,pay_5br9o2ibrwuw4t,duplicate,2026-08-06 16:43:25,8186.75
dsp_7ctinmzf61ks,pay_l21iu78h0xj074,not_received,2026-08-07 05:19:38,797.07
dsp_ypdk2ovmbx2e,pay_gxe8eh0sumdi7a,not_as_described,2026-08-07 09:33:13,1295.71
dsp_zexkd3xc8ybs,pay_rr8es7trkx3o2v,duplicate,2026-08-07 16:11:58,2725.54
dsp_gxctqi45n1we,pay_e2qvhof071bm4v,fraud,2026-08-07 19:42:14,3970.6
dsp_zfzw37ca8y5t,pay_wkh6ak56t2twe6,not_received,2026-08-07 20:10:30,1422.27
dsp_33pc2j67c1vc,pay_nizsedu2789nul,subscription_cancelled,2026-08-07 20:13:12,731.0
dsp_fnxate8oi7du,pay_stlh4qk0co2dya,not_received,2026-08-08 03:22:44,11045.4
dsp_qmh79beoqwja,pay_03rhq8hbdb26gu,subscription_cancelled,2026-08-09 07:11:54,603.0
dsp_69wbshcy7b8i,pay_d6u58l6wp5i2ve,not_received,2026-08-09 11:56:59,1764.63
dsp_catbpf7npjnr,pay_zhzvzo1r9c41h2,not_received,2026-08-09 12:19:27,17289.22
dsp_925nr3o26ag4,pay_hc10kdbjyc2sbq,not_as_described,2026-08-09 20:03:40,1255.61
dsp_h4bt1xya7n4c,pay_ucihkoeh8eoor7,not_as_described,2026-08-09 20:34:42,4846.3
dsp_7560u30bp1bp,pay_vaf3smrt25el39,not_received,2026-08-10 13:46:50,13737.91
dsp_3yzq80fcf6o4,pay_l44j7rjznz5ewy,not_as_described,2026-08-10 14:23:51,1792.38
dsp_xtjc8u7wu79k,pay_7xcc6u61v3wtu6,duplicate,2026-08-10 20:33:37,1381.0
dsp_lzxwkr0thhok,pay_rzc9fcigyfajcl,not_received,2026-08-11 00:36:35,15963.43
dsp_v9ifovvhase8,pay_dm4xnz9m4q66tc,not_received,2026-08-11 01:42:01,875.76
dsp_gn09usdwyd7l,pay_jilbp0onacnslb,not_as_described,2026-08-11 10:01:23,3831.11
dsp_z1v16xa5rrmo,pay_1wkj0g2ikr3w0x,not_received,2026-08-11 11:19:07,10803.96
dsp_ft2o86fx3nor,pay_qwwfm0i9nk0kvc,fraud,2026-08-12 09:12:53,200.0
dsp_0vymm3qft7dn,pay_dm6ysgulp49cgx,subscription_cancelled,2026-08-12 23:32:21,258.68
dsp_kowi46o533yz,pay_4cwpgy45c97qr7,not_received,2026-08-13 18:03:42,894.86
dsp_ydn175hol8ul,pay_b0emx2qbyr88tr,not_received,2026-08-14 03:09:24,3497.37
dsp_2q86nezn60qz,pay_t2axi9icm1u83b,not_as_described,2026-08-14 22:56:41,3670.19
dsp_jp9fn3wgphli,pay_0jrcsgr885udlv,unclassified,2026-08-15 11:36:15,3506.87
dsp_zmpjwrjhc1he,pay_m6319814f3g93k,not_received,2026-08-16 05:09:37,37639.42
dsp_kgc5cx6wy0x1,pay_r6trzw4wilg89e,not_received,2026-08-16 15:37:01,1161.13
dsp_hxwxuf6rgzqv,pay_g8z9xma3dpduih,fraud,2026-08-18 05:24:57,4536.18
dsp_kwfvjmp9vn2v,pay_m5egv1qbp7bkrx,not_as_described,2026-08-18 08:03:52,1786.26
dsp_4sfplkdvqhmc,pay_sq0alu0yxgvwbw,subscription_cancelled,2026-08-18 09:41:18,1407.0
dsp_58e34sjpbypo,pay_jh8r1qwxakzcis,not_received,2026-08-18 10:57:16,1592.39
dsp_wiq3nxx34qr2,pay_lsnx8htwabvqf0,not_received,2026-08-18 18:26:34,2159.8
dsp_1o139e3q0fcw,pay_uyzhazy53sgsfl,duplicate,2026-08-18 21:09:51,12685.84
dsp_u52wrpreesws,pay_24awu0qbhr06k4,unclassified,2026-08-19 07:13:36,3742.88
dsp_knbopulw1cdp,pay_s4oxwu6d97d5wk,fraud,2026-08-19 10:53:03,737.0
dsp_nz47x9y30xwl,pay_frlq4wycbzetsg,not_received,2026-08-19 14:32:22,1465.57
dsp_wgjl2ab1q802,pay_spr9gl65qmes2u,not_received,2026-08-19 14:32:40,387.0
dsp_woeha4mp9rbf,pay_9upgekzxccldug,not_received,2026-08-19 15:22:22,11246.91
dsp_zqdtq1zqpj61,pay_7i68tphffc7s1j,fraud,2026-08-19 17:26:22,852.0
dsp_mcwba9rmjp2x,pay_7gn3zj9wuhsjnx,not_received,2026-08-20 07:47:05,6517.97
dsp_nuij9nmlrci5,pay_ugcw8pwky845mp,fraud,2026-08-20 18:31:13,3900.05
dsp_zdfz5ylx6c5j,pay_rv6bg08cay50u6,subscription_cancelled,2026-08-20 21:16:45,4961.82
dsp_rozkp0euebdd,pay_wh9f1x11evgayu,not_as_described,2026-08-21 03:03:44,1351.8
dsp_8jycn0jlz7ql,pay_v4hs0jxygq0lgy,duplicate,2026-08-21 07:15:40,5234.98
dsp_vpipdricm23o,pay_7crljbkb14rakj,not_as_described,2026-08-21 17:26:06,826.72
dsp_mlkmd5zoh4of,pay_qzpjhq27l0tdpn,not_received,2026-08-21 23:54:03,1693.3
dsp_ct7hq8ovukov,pay_mb3hjmedu8cqxc,not_as_described,2026-08-23 05:21:48,1301.06
dsp_zo85k8qizyqm,pay_oy2rsrxp8cjycc,not_received,2026-08-23 05:56:28,1132.89
dsp_ju1ip3y0yhv5,pay_jah5k64hp72fyu,not_as_described,2026-08-23 10:23:40,740.0
dsp_r53yvkj49rse,pay_b1jd4evnmw3qh9,not_received,2026-08-24 04:13:44,10851.4
dsp_l3kanvrva2jf,pay_ifhedzld3my3c7,fraud,2026-08-24 05:14:13,422.0
dsp_z4a2ga095vqx,pay_1rd1ks40ouiq05,not_received,2026-08-24 11:04:57,541.39
dsp_1wukvlqzuwky,pay_bosegtdnd3d4ew,not_received,2026-08-25 01:17:22,7478.36
dsp_9395g6p3648q,pay_o8yiug2b94qu4a,fraud,2026-08-25 22:17:53,3964.74
dsp_oia2sng72i1t,pay_x9fn13gc70jvjo,fraud,2026-08-26 00:04:57,22527.8
dsp_ch226ja9ipy0,pay_sy39b7vhktb4dx,not_received,2026-08-26 03:34:45,13382.6
dsp_bvemzqvjsg27,pay_7e0gijsqeloeud,subscription_cancelled,2026-08-26 06:42:17,263.0
dsp_ozz9rxbjd889,pay_r7bhad64ljs5g6,not_as_described,2026-08-26 19:31:16,450.0
dsp_ghe5udsjqj6h,pay_e3sf37432zhd5w,fraud,2026-08-27 01:39:49,852.0
dsp_lprle835jrz3,pay_1ukbtyytu6jau5,not_as_described,2026-08-27 02:53:33,690.0
dsp_pcf01jssa6n8,pay_zjfqig3ewt37dd,fraud,2026-08-27 18:00:32,358.85
dsp_q0a9mc24u3l4,pay_2k71xcowy58du4,fraud,2026-08-27 20:26:21,465.0
dsp_de13g6p7tyj9,pay_admmn1btt0pvl1,fraud,2026-08-28 04:30:40,105.0
dsp_xog0w5k565hv,pay_0mk9q3m61p7qpv,not_received,2026-08-29 01:52:00,2352.03
dsp_0o5p3f3vevb9,pay_wi9nskyyj58dsy,not_received,2026-08-29 02:54:11,2654.99
dsp_sy1cr3wtmkqp,pay_a3gnq6d8f376gv,fraud,2026-08-29 04:31:40,4128.95
dsp_vf6yle3l7o30,pay_8hqims3dsyv8oj,fraud,2026-08-29 19:44:04,1368.06
dsp_xs4qaz1hq5d3,pay_e6tgihw94gp3yh,not_received,2026-08-30 00:48:08,310.0
dsp_uesg4x7frlzx,pay_8dumn3iv5p5hr0,fraud,2026-08-30 05:45:02,1025.0
dsp_ypb8ninbt1x9,pay_z2jkkr2b4ipv65,not_as_described,2026-08-30 08:59:45,3825.45
dsp_rha600pcuciy,pay_eipqsptddq1urs,fraud,2026-08-30 09:09:56,266.0
dsp_9o60n2b3nnaa,pay_i99ftdii4qcytz,fraud,2026-08-30 10:30:24,189.39
dsp_9vu60o4nful2,pay_tx55av8c823232,fraud,2026-08-30 20:01:00,28939.43
dsp_6drolkng93cs,pay_82vab5hwj35odn,not_as_described,2026-08-30 23:27:17,1200.18
dsp_l8dvxqwug8vc,pay_71gr90vq7c8qln,not_received,2026-08-31 02:55:12,46404.29
dsp_mdh7u8cfsp9n,pay_prcyf2vw3ceji4,subscription_cancelled,2026-08-31 14:50:09,586.0
dsp_5wnxs4u5pg61,pay_53z9ug9j2xptv4,fraud,2026-08-31 16:05:53,16732.56
dsp_zmszeywxj9e3,pay_s3qgbq48ursziw,not_received,2026-09-01 05:00:18,3130.06
dsp_m6y8fgad3s3d,pay_kedt304p3a5xko,fraud,2026-09-01 07:21:53,2480.0
dsp_ky0k6wi8yd0b,pay_i68lpxr0817i4f,not_received,2026-09-01 10:42:24,4566.11
dsp_ehn4qafvgm1y,pay_qbafiecp5z3q9m,fraud,2026-09-01 18:51:46,24340.81
dsp_hj85x533codz,pay_7jpf12gubixuik,not_received,2026-09-02 02:41:20,15120.57
dsp_p4cpkigwa2ko,pay_zc11t95s13uem2,not_as_described,2026-09-02 05:28:27,871.83
dsp_t5houbriqys2,pay_uxhb5pw14c1t1o,fraud,2026-09-02 09:32:00,571.0
dsp_mmp0l4qsbjr9,pay_4k8tsi4zdu12w3,subscription_cancelled,2026-09-02 14:28:04,6040.74
dsp_lt89xkw2ef92,pay_w286ff5dufn63p,not_received,2026-09-02 23:44:44,1901.49
dsp_vn7m7u79f36n,pay_ex8oi9vsnuu3tr,not_received,2026-09-03 17:42:24,1043.93
dsp_xr9n80adub3u,pay_u8qiyiod32e0he,not_as_described,2026-09-03 21:45:16,720.0
dsp_an2c7u4p4z8c,pay_skrlar8y0v4g67,not_as_described,2026-09-03 23:19:57,699.09
dsp_y6ztx9880w11,pay_oxlt8hqbnr0qjq,not_received,2026-09-04 01:03:27,1110.0
dsp_qi705a1arlun,pay_dvxpax19r01eca,subscription_cancelled,2026-09-04 08:43:13,207.0
dsp_lnvywz3gaipd,pay_veyfl9tr6csz93,fraud,2026-09-04 13:43:40,116.0
dsp_xke1702uzwgg,pay_tuxqefdksvequa,fraud,2026-09-04 14:22:32,266.0
dsp_ls8bkb3it9o6,pay_dz3ao9edal8y65,not_received,2026-09-05 01:46:54,2113.0
dsp_wwyh42qatnox,pay_a0mam6ux7muzge,not_received,2026-09-05 01:57:07,1530.0
dsp_lvj5v2ho78yn,pay_bygjebthalwm10,fraud,2026-09-05 02:31:57,4753.95
dsp_c1hingy7t5zz,pay_gbulgdsbcvhi3q,subscription_cancelled,2026-09-05 18:27:27,1381.0
dsp_u83bopxw88i8,pay_vexow04n7wziel,not_as_described,2026-09-05 23:08:09,1860.04
dsp_my9b51muliyr,pay_6dkibt276qejhf,not_received,2026-09-06 00:02:36,2970.0
dsp_txjr1z9ymne0,pay_b9mqxrigxq9rh8,not_as_described,2026-09-06 03:57:56,1040.0
dsp_2rep1ma4da16,pay_jjwos1ouzrco3t,not_received,2026-09-06 11:24:19,2290.0
dsp_x1er799uh5wv,pay_obf1pn5zddvtiq,not_received,2026-09-06 11:57:19,2096.38
dsp_25f2i43uiebf,pay_llqf5xat9ry1ab,not_as_described,2026-09-06 23:51:43,1663.5
dsp_1d0ks3p33y8v,pay_x0sz2mjvrbet68,not_received,2026-09-07 19:07:34,730.0
dsp_vwjp8col1z8v,pay_2jchww88evyrc9,not_received,2026-09-07 20:37:38,3382.65
dsp_dzouz3l5r5q8,pay_iyidv3re4d1ojx,not_received,2026-09-07 21:01:06,14785.34
dsp_zcdou2sx7mh5,pay_kjqfjvcd4yzf6w,subscription_cancelled,2026-09-07 21:28:54,458.77
dsp_bx7ugf1ayuqk,pay_ufxob0d58wfwo1,subscription_cancelled,2026-09-08 01:27:09,575.0
dsp_ghmfwm0mds8t,pay_pdsshh4s2fh2lk,fraud,2026-09-08 06:30:24,1656.1
dsp_fm6xdjf4z603,pay_dsx1g5fdu3rgsk,not_as_described,2026-09-08 06:52:40,539.28
dsp_eeg25bfc2gao,pay_tlr3n3ocahbckr,not_as_described,2026-09-08 14:16:23,879.97
dsp_h3quxk6a7i25,pay_qzcgoezq28dhog,subscription_cancelled,2026-09-09 04:08:01,1184.0
dsp_0iextjwpgasq,pay_bsmyx0f2gldi07,fraud,2026-09-09 09:16:55,1675.0
dsp_kxc7bls9al6g,pay_sv8u77o3o6vztm,subscription_cancelled,2026-09-10 01:16:11,460.0
dsp_nnow73runxad,pay_e88sbqsqjqt4gg,not_received,2026-09-10 03:11:41,24565.36
dsp_9ogrh4oj3mvf,pay_ht2ikfjw75134y,fraud,2026-09-10 16:44:40,587.0
dsp_wzyw2jxa3hze,pay_ope7d3ww0l7k3e,subscription_cancelled,2026-09-10 23:53:43,460.0
dsp_e3gm5cgqrc9a,pay_hm4daqhv3bhfwn,not_as_described,2026-09-11 04:47:51,10263.09
dsp_bbzulj8bzjdr,pay_defanja3plmalj,subscription_cancelled,2026-09-11 17:53:20,1130.0
dsp_5fowf8tsgapi,pay_xbtiijstml7yft,not_received,2026-09-11 19:26:59,11161.16
dsp_7li9ki7nx40q,pay_h3icwxb9ifch8k,not_as_described,2026-09-12 04:31:34,23065.47
dsp_6y394fa1283s,pay_3hrjgtgpgvbr92,not_received,2026-09-12 14:55:36,9879.78
dsp_a0cmjtk4jpjx,pay_b674ko94i9xoip,fraud,2026-09-12 17:47:50,2049.23
dsp_vxivv8ite8c3,pay_j1w3iriuollnme,fraud,2026-09-12 18:58:29,22009.75
dsp_mvostqf63ew2,pay_l5mwivsudvqofg,not_received,2026-09-13 04:51:33,49214.77
dsp_6zx5j4lidcyh,pay_9z7uwobjlk0tfl,fraud,2026-09-13 18:16:13,1937.0
dsp_ii7ue393v1li,pay_6jetriexgpdxh9,not_received,2026-09-13 19:25:59,6905.96
dsp_bg4gpxr9zdh1,pay_zb23a31j5ftk3c,subscription_cancelled,2026-09-13 21:46:30,235.11
dsp_c3tfxg6zjxwh,pay_1nukc1z1mj2l95,not_as_described,2026-09-14 07:45:26,1910.8
dsp_afkmwf862z3g,pay_c4urgza3nal8j7,not_received,2026-09-14 23:35:28,7395.65
dsp_ibdfn5a4ie5c,pay_x0fl9i5sv4qywg,fraud,2026-09-15 01:47:02,13261.51
dsp_xiulq19t71lj,pay_cvcwqxxqvj5hct,subscription_cancelled,2026-09-15 07:28:23,4132.78
dsp_w62cxl2o3ww0,pay_2khmmrca5o2d1r,not_received,2026-09-15 21:52:55,1786.88
dsp_vflnv3p7y069,pay_2hmwy0pax113sz,subscription_cancelled,2026-09-16 00:12:38,1448.0
dsp_zsue8w79ryby,pay_yw4z9fe3hmds4x,not_received,2026-09-16 00:25:08,1040.71
dsp_ootueglmvso3,pay_iyn14f0ns1rlyc,not_received,2026-09-16 20:25:37,1884.0
dsp_66gv4ypj5rcs,pay_vdkiasv00dbjte,fraud,2026-09-17 16:42:32,96.0
dsp_3c34ddp7lw7u,pay_pgh5pb1x5uyfe0,not_received,2026-09-17 20:59:32,6317.13
dsp_wr77mjk9ithg,pay_a799gb9me2g358,not_as_described,2026-09-18 01:05:11,1038.62
dsp_jp04b7xepzco,pay_fsqr7errt0vwvj,not_received,2026-09-18 04:29:17,1040.0
dsp_kxts78a2aglz,pay_ije7ofkjdnu15j,not_received,2026-09-18 09:44:46,11881.87
dsp_5vhnywo09ig8,pay_1wer5ahfzwvpdv,not_as_described,2026-09-18 12:27:50,686.72
dsp_hgyqkajpv0ma,pay_s5vxn0g5nbwddt,fraud,2026-09-18 17:52:04,225.0
dsp_r39lxcmp4eqb,pay_la6zyroln61ujc,not_as_described,2026-09-18 17:58:47,3082.75
dsp_1z3tsoymzww6,pay_eozvp055hk0q46,fraud,2026-09-19 03:28:28,364.17
dsp_y6rbyql677g9,pay_twmd6z3ygt0e8q,duplicate,2026-09-19 11:06:20,11123.12
dsp_h3qinrx9sfw9,pay_uelh2v38lben06,duplicate,2026-09-19 16:52:38,200.0
dsp_bkj4hrxnonns,pay_1d2dfg508arp8q,fraud,2026-09-19 19:41:12,2330.0
dsp_6x7tw3e0f2uv,pay_wuc0x3eo9ftdwq,fraud,2026-09-19 20:17:02,1884.0
dsp_y5pn847bcfeg,pay_tc2u8x77wq9sv2,not_received,2026-09-20 00:17:33,980.0
dsp_9tleaulnsj91,pay_7t7golnh0ju0wv,not_as_described,2026-09-20 10:15:16,1060.0
dsp_dp4e84624eph,pay_tnx7lhrpqyog8a,not_as_described,2026-09-20 14:49:18,13293.43
dsp_ytbxbh0bsm8u,pay_b11ao6by5aznpv,not_as_described,2026-09-21 00:45:37,906.39
dsp_tu2xf0wsqfzb,pay_ikw8kkp6rmbgad,not_as_described,2026-09-21 09:00:00,730.89
dsp_332emp6esdtw,pay_nag2xtzn4feh9w,not_received,,8260.55
dsp_4e6imu7rthva,pay_4lzwcszb62lc55,fraud,2026-09-21 14:22:59,2807.95
dsp_im4210au4i5y,pay_d20e5m6s1dlq6n,not_as_described,2026-09-21 18:52:17,11836.6
dsp_q7tf5iz0c2jm,pay_l2ld82mwcf1qup,fraud,2026-09-21 21:51:05,260.0
dsp_qehlaqheykpi,pay_2rjx1xzii48mze,not_as_described,2026-09-22 02:03:45,933.6
dsp_vf49ra9uq1gm,pay_9nf2qvev4pm9ai,not_received,2026-09-22 05:52:32,2003.98
dsp_f2gynw78l8bs,pay_qde7xctpgqymok,not_received,2026-09-22 14:22:19,3499.49
dsp_evydfgrodxjc,pay_vwp074e920dakt,not_received,2026-09-23 03:45:18,10547.71
dsp_9hfdn3m2lt4e,pay_mut7s3cfvbqjhw,not_as_described,2026-09-23 08:33:18,1680.0
dsp_1zdycdxyavkq,pay_qnb0glka4iquso,fraud,2026-09-23 10:29:03,376.0
dsp_ozcd8w1gs9mw,pay_k59ubmizs6pwyz,not_as_described,2026-09-23 23:08:40,1408.44
dsp_aukea5lsliq8,pay_8ih2akjlohrpla,duplicate,2026-09-24 00:12:33,352.16
dsp_x2z3fq0moj1c,pay_0we5896gd7lttp,duplicate,2026-09-24 19:46:12,10077.79
dsp_claan0mf3hgi,pay_mig5emga2qbolo,not_as_described,2026-09-25 11:00:01,3778.72
dsp_yqxq8i0rgga6,pay_2lw7izge9ym6ai,not_received,2026-09-25 19:10:26,21121.05
dsp_13vp0po05c8e,pay_wuco6qy6g03bfu,not_received,2026-09-25 20:50:40,2679.86
dsp_nqev0s3zu0ww,pay_j90t2ca4jvebs3,not_received,2026-09-25 23:56:03,34129.33
dsp_bfe704ndqbrc,pay_qfo4zokff31yz9,fraud,2026-09-26 01:13:48,25294.63
dsp_ml8gejvztvaa,pay_m99xylyt11k5s5,duplicate,2026-09-26 05:59:42,1351.92
dsp_elmzjmkgmt2y,pay_qjra9g00ebqye2,not_as_described,2026-09-26 15:12:38,1440.62
dsp_ihj9dwd3g5dz,pay_ic0p07bsai7vxo,not_received,2026-09-26 17:39:30,11594.75
dsp_10ewmneig1k9,pay_h7hc55j63nbqb0,subscription_cancelled,2026-09-27 13:22:10,1030.0
dsp_ypicyh09dyzb,pay_h7mivr8a39ttp9,not_received,2026-09-27 16:00:21,9475.72
dsp_5zzaxkv8ldi9,pay_dmox3nkxeyt6zy,fraud,2026-09-27 22:47:54,334.0
dsp_kcckyj7ucvxq,pay_xtix2pajodcrif,not_received,2026-09-28 17:50:51,8153.74
dsp_ywo806ybe3uj,pay_jocs1e7lzhuai6,fraud,2026-09-28 20:30:29,2435.26
dsp_d4lqae2w6c25,pay_5el32b7r27j2ei,subscription_cancelled,2026-09-29 02:02:27,221.0
dsp_h8nhm12d0ie5,pay_48v6g2e5lh15mg,fraud,2026-09-29 02:31:57,2376.51
dsp_tleyfx270xez,pay_shx5rw4eig0zmg,not_received,2026-09-29 06:59:36,1123.37
dsp_ab7fsci31odj,pay_wpof2hxsmqpi84,not_received,2026-09-29 16:27:26,24671.49
dsp_zcqbc548fwuc,pay_g8vpvk0jhozb2p,fraud,2026-09-30 08:15:33,2174.0
dsp_dwxfyiec1lpw,pay_8s03ej6ustcctz,fraud,2026-09-30 22:58:44,11949.89
dsp_rmddr6h69zx2,pay_a53xer4j1h4h7x,fraud,2026-10-01 04:22:17,108.0
dsp_7vdwqckortxm,pay_bry6bux1k2zhuq,fraud,2026-10-02 02:37:07,29081.96
dsp_viltfa205c99,pay_qiobn9egswsqln,not_as_described,2026-10-02 03:16:40,9519.77
dsp_1sezco7wwh17,pay_bma00wzsnasf6b,not_received,2026-10-02 12:05:31,3269.91
dsp_9pemfauugt7a,pay_1qywt7sz6wd57h,not_as_described,2026-10-02 20:23:49,1571.99
dsp_xqoqhgxdvkam,pay_8ld4e3ezto3sxs,not_as_described,2026-10-03 16:28:38,7301.88
dsp_2w4lipe3pm4g,pay_k3dc2tjk8ss8zd,not_as_described,2026-10-04 06:29:53,1289.16
dsp_ru7lv83cuzzn,pay_9e7rpuxhcvqsna,subscription_cancelled,,5201.56
dsp_fgp5qvx34m8y,pay_iaecswgoc8a0g7,not_as_described,2026-10-05 11:20:34,3396.87
dsp_zpis5ujpdc8v,pay_ueb99jvwa4f1j2,subscription_cancelled,2026-10-05 13:05:29,263.0
dsp_j22ebngaxqm6,pay_zcdp0exj9bs5gp,fraud,2026-10-06 06:15:58,334.0
dsp_4xr6sfya0dg0,pay_62v182vkxffxfk,not_received,,2251.61
dsp_rd6if6usjhxp,pay_rgg8s8i90i9zg6,not_received,2026-10-06 23:08:36,30936.03
dsp_m6ljfsgiifdh,pay_7plpewdo6j6jkt,fraud,2026-10-07 02:44:00,7933.32
dsp_ov5zooars4kx,pay_3jp8li2ajg5jyf,not_as_described,2026-10-07 13:52:05,1617.16
dsp_2ea5ivyrftq2,pay_aavnkfzn0dvbvd,duplicate,2026-10-07 15:06:25,470.0
dsp_mbnfevvwhaon,pay_o85ph5w8241cup,not_received,2026-10-07 15:27:23,10783.39
dsp_f5pwae2jebrn,pay_9s3yr703t9svok,fraud,2026-10-07 18:18:54,5145.46
dsp_o6fkg0rnzxop,pay_cgarq4fbqqw6qv,fraud,2026-10-08 07:34:24,31.91
dsp_ivow7akiico9,pay_k0zqqzpd8lvd1v,subscription_cancelled,2026-10-08 11:30:03,263.0
dsp_fokxwsx3s6o9,pay_2753lxz8ilb6kw,fraud,2026-10-08 15:33:39,110.47
dsp_mi92umgjcsrv,pay_5jshu3og4ej8vn,not_as_described,2026-10-08 17:47:20,5452.42
dsp_q951dmu0c9j6,pay_7ysv5h3tugv5hx,subscription_cancelled,2026-10-08 20:22:34,1130.0
dsp_x4964bj04hxj,pay_1fssabs9g4xtts,subscription_cancelled,2026-10-08 23:41:26,263.0
dsp_20ssvauh6f73,pay_20licwcxbd7lhp,not_as_described,2026-10-09 02:16:03,35388.14
dsp_savago6p2zkz,pay_nngnx0pffg9jha,not_received,2026-10-09 09:00:54,20661.28
dsp_9pzeme3cbceb,pay_bq71z6j9d8czt3,fraud,2026-10-09 13:29:01,8504.7
dsp_86gd2180i6vq,pay_crgh2tnyrol7sg,not_received,2026-10-09 18:39:11,9992.97
dsp_4vgkvvl6fwli,pay_c51e7ts6lkikyx,not_received,2026-10-10 02:09:32,1092.97
dsp_amwzn86oe70w,pay_1ggwg6xaktox0i,fraud,2026-10-10 08:19:09,96.0
dsp_5dlxfetgoaje,pay_9yde5of658epoy,subscription_cancelled,2026-10-10 09:22:28,211.0
dsp_pca5kugya1xo,pay_kes4dvayeig9f7,duplicate,2026-10-10 13:10:34,262.0
dsp_efuyj8fq8qqo,pay_n2cgf1jvxed27h,subscription_cancelled,2026-10-10 21:49:02,262.0
dsp_7tft07zg8el0,pay_cfjthgwwydkcs5,subscription_cancelled,2026-10-10 21:58:57,248.7
dsp_4ph7d3387x5p,pay_cmwaf446lor83q,not_as_described,2026-10-11 02:48:31,3423.22
dsp_ckweyusnoh7z,pay_twpkrof15qb41e,fraud,2026-10-11 07:47:01,465.0
dsp_j948z1a4914z,pay_h1djuepmhzim7t,not_received,2026-10-12 06:24:20,376.0
dsp_zfok2pzrge80,pay_itz1tlrrwoqt00,subscription_cancelled,2026-10-12 07:52:51,1194.0
dsp_tugnso9qcgmt,pay_401iuhy9zmv40t,fraud,2026-10-12 09:13:55,1937.0
dsp_v7htsevvfndm,pay_bewxb0n435n8xu,subscription_cancelled,2026-10-12 23:17:04,1106.0
dsp_itd0h9kvipek,pay_fm8l2xh3v7csge,fraud,2026-10-13 07:00:18,3476.9
dsp_1ztm3sh8w1ic,pay_rhnrmkebv5zli1,not_received,2026-10-13 13:10:16,28978.27
dsp_popojeufavr7,pay_oi8lcybm3303hb,duplicate,2026-10-13 14:57:04,1570.0
dsp_nkbnh5fxbkn2,pay_8octvotg4ti79z,not_received,2026-10-13 18:42:23,9581.69
dsp_dxfkomltttan,pay_27pov1u4725xj0,subscription_cancelled,2026-10-13 20:21:49,586.0
dsp_cu4yl3msfo82,pay_1hkf5emgdqrgiw,not_as_described,2026-10-13 21:02:40,1831.55
dsp_cted2nr58a5a,pay_48k99meubasozl,not_received,2026-10-14 00:49:30,4510.57
dsp_6ocfm1lpaeox,pay_yifffuw2g4qq94,duplicate,2026-10-14 07:34:07,2583.41
dsp_oe6wpvgzgphz,pay_vm1mktuzvkx5ht,not_as_described,2026-10-14 09:32:16,2157.25
dsp_ih2zna1ug7zm,pay_am6klnt0ydra2f,fraud,2026-10-14 16:31:16,96.0
dsp_yt9eq2xvyofg,pay_rrolc5ovli19ti,not_received,2026-10-15 05:01:53,2285.87
dsp_ruhe2p445dt1,pay_5n8go4pyxsvg5h,not_received,2026-10-15 06:43:19,11504.9
dsp_egr5th0uqxrq,pay_755yvejqlbx75r,not_received,2026-10-15 14:48:45,2635.91
dsp_bavhog6wfeyp,pay_x5uinmu7z4jw5r,fraud,2026-10-15 20:43:03,737.0
dsp_89dulhp6rp52,pay_ne8gpjeaze62ob,not_as_described,2026-10-17 07:01:23,6789.85
dsp_d1t7dpxqmle6,pay_wilqlew96oqlon,subscription_cancelled,2026-10-18 07:44:54,211.0
dsp_p3npeiep8pf5,pay_9usecanajwd6n0,duplicate,2026-10-18 09:33:45,11695.46
dsp_gncd54uve078,pay_94r94e4yogilng,fraud,2026-10-18 22:45:53,83.03
dsp_na17ja8zlhym,pay_hh5t9u5wsxbwvr,not_received,2026-10-19 03:45:41,866.09
dsp_vhar8mfxrhx2,pay_me83i19hhl7uec,fraud,2026-10-19 14:25:54,334.0
dsp_fstqzzkphrub,pay_94705k2raxl49v,subscription_cancelled,2026-10-19 17:35:46,1194.0
dsp_fw8hrvy56dz6,pay_tvskmzf37q8ziw,not_received,2026-10-19 20:12:15,1317.93
dsp_2jwgnu9mhdou,pay_rocztb7t8yc4pd,not_received,2026-10-20 18:01:54,11457.84
dsp_e9r8atduok5c,pay_tfxinwwdxm4yju,subscription_cancelled,2026-10-20 19:56:21,5119.12
dsp_axqzs3g5ef4i,pay_vq8skw8fx9mgvd,not_as_described,2026-10-21 10:59:59,3314.69
dsp_man5iekewxqb,pay_6q0uzj7gpa1rhn,not_received,2026-10-21 23:05:11,185.64
dsp_28pmsvbio61k,pay_zlsxyt4i308b6h,fraud,2026-10-22 01:04:21,6979.09
dsp_k15lmxrs01lq,pay_4lm6wd3t7u617a,subscription_cancelled,2026-10-22 02:16:37,446.05
dsp_yvi6iuk0j5ak,pay_znfcw5bj03ejr0,not_received,2026-10-22 05:23:15,5482.32
dsp_07yarw89y0ax,pay_id8reeycsq0rgm,fraud,2026-10-23 00:30:01,1282.99
dsp_ax72dlpi1yt5,pay_gato0rn2bk9ck5,not_as_described,2026-10-23 08:31:34,940.0
dsp_sahg6zew6rmq,pay_d4akr52iwgqcn4,not_received,2026-10-23 17:17:54,41511.46
dsp_qumzebapqrme,pay_eb2n8kdlyfezly,fraud,2026-10-23 18:52:23,7567.37
dsp_indpuon850v4,pay_7yl78txj4gv43e,subscription_cancelled,2026-10-24 02:43:19,207.0
dsp_f0bfglq5o0lj,pay_86bqtrjlsj9hg0,duplicate,2026-10-24 06:22:56,59930.61
dsp_ad7vrj0fl7fl,pay_fhaubaq81lkkay,fraud,2026-10-24 06:31:35,260.0
dsp_st4jl9xhn3w3,pay_r1wj0bcdgf7gsr,not_as_described,2026-10-24 20:00:16,3791.48
dsp_3zwjmnultoux,pay_907cay7ak69ysp,not_as_described,2026-10-24 23:08:58,634.87
dsp_u14tjddf2pgm,pay_zk2kfke7achs6r,not_received,2026-10-24 23:24:45,7790.31
dsp_m8ih1r80rrmi,pay_tfzm6nsqjcnd6f,not_as_described,2026-10-25 09:16:03,140.0
dsp_ypbk6nk1epo9,pay_felc9atzqr9q5n,not_as_described,2026-10-25 13:19:06,7525.64
dsp_rpinwg6gpkjv,pay_o4yl2tgai9p220,not_as_described,2026-10-25 23:57:45,930.0
dsp_n0h7f6bugmkz,pay_vt7vuhdaj0jt42,not_as_described,2026-10-26 11:54:12,1519.2
dsp_kcsv82t445ax,pay_85b093gpormpdb,not_received,2026-10-26 17:16:38,13850.65
dsp_2nt1nz6vnkur,pay_s0rog8qwgsmivh,not_received,2026-10-26 17:23:33,21109.7
dsp_5qjeo8hnjgss,pay_8e1irhn9jjm51n,fraud,2026-10-27 06:24:58,21372.43
dsp_2o74uhc0poaq,pay_zxb8q8yy9ftng3,not_received,2026-10-27 07:32:41,2794.41
dsp_31fuq1iz9fou,pay_ct8jlnazxahbst,fraud,2026-10-27 11:58:20,8786.53
dsp_esw83n42d4li,pay_kzkiujdh1291bm,fraud,2026-10-27 23:29:57,376.0
dsp_yvzmqrf7otku,pay_90z48bfqbskc6f,not_received,2026-10-29 08:49:38,910.0
dsp_gow6xwljg6ht,pay_9bfxledhnzw9j3,not_received,2026-10-29 13:40:39,893.63
dsp_zo84a4fvqh97,pay_uf8n5o01tawwwf,not_received,2026-10-29 15:35:28,1700.0
dsp_5x8ivs2cuiix,pay_efin962obso3fa,fraud,2026-10-29 16:53:25,159.0
dsp_hn2pjkreaoj3,pay_7q7zuudti8fc9p,not_as_described,2026-10-29 17:39:45,3165.66
dsp_n68gzeafnu2e,pay_xdhz4hszudh7a1,not_received,2026-10-29 21:55:45,6485.66
dsp_lj1qw3dgov4a,pay_8txdi0oym1p6vn,not_received,2026-10-30 00:13:14,23574.51
dsp_8ayqc8pz536m,pay_xtj3im3muwog21,not_received,2026-10-30 01:24:03,744.12
dsp_yqsjhbhztur9,pay_h96gk303aa08jo,fraud,2026-10-30 07:41:14,587.0
dsp_6iirxj7g681m,pay_jirk2s34ahvexu,subscription_cancelled,2026-10-30 17:41:06,329.0
dsp_3uxhxrnp3tuj,pay_h4tzs0y4fi5xgl,fraud,2026-10-31 04:49:09,387.0
dsp_goa41ecevqct,pay_bzq58zdm951ald,not_received,2026-10-31 05:25:30,8699.04
dsp_4kqbz8ro4qpj,pay_ydzxrkmhmuglua,fraud,2026-10-31 13:31:03,956.0
dsp_28h9feiubj7w,pay_4p18u0fwxa2br5,duplicate,2026-10-31 16:39:17,279.0
dsp_o6qzzmqpic95,pay_1drn7muxnid0wz,fraud,2026-11-01 10:15:52,258.0
dsp_fir7kbhxdhru,pay_t25ur664shuc4q,duplicate,2026-11-01 13:27:53,862.93
dsp_00ca1gsh66cc,pay_tpo3d40bberds4,subscription_cancelled,2026-11-01 17:54:51,462.15
dsp_bmm6k1fd5ze0,pay_c2wxi83t5g5qga,not_as_described,2026-11-01 18:32:05,3656.06
dsp_ih5fwsrx9frq,pay_7ckei1jdilbkn3,not_received,2026-11-02 13:02:52,8667.7
dsp_gjwxtusgt0h6,pay_3fw89po7i2epvk,not_received,2026-11-02 14:39:56,116.0
dsp_0h1e5qjumcpi,pay_5s4435mdbh9z9f,not_as_described,2026-11-02 15:23:26,931.4
dsp_vr8zgsuxqp2k,pay_bqe1r2t61ztx9f,fraud,2026-11-02 20:46:23,40390.3
dsp_fhrek1ienwb1,pay_50nbjzy44fzb1z,fraud,2026-11-03 02:27:58,737.0
dsp_g81iuln0nga2,pay_eu89xufrkibce3,not_received,2026-11-03 09:40:27,5582.71
dsp_9guzyvwccke0,pay_mabeusziw11va0,duplicate,2026-11-03 12:48:37,8779.57
dsp_sb0ky0bx07ej,pay_qpb8ei4cvpefyt,not_received,2026-11-03 13:09:34,3400.38
dsp_y7j6zz2poqcs,pay_fevotm9vnbgrqk,not_received,2026-11-03 14:17:50,897.03
dsp_dul0y8gf3tp5,pay_oyvm4p8i4j86zk,fraud,2026-11-04 05:11:13,3290.31
dsp_3rj68hltxx3f,pay_gldzlh5h4u0bc3,fraud,2026-11-05 05:02:33,9470.49
dsp_lb6f879nady7,pay_t5javom5d00wqu,subscription_cancelled,2026-11-05 12:13:12,69.61
dsp_owpx0jgjgkgx,pay_epugtd5bluvrlz,fraud,2026-11-05 12:27:48,266.0
dsp_anclf495ohin,pay_n31kjtazuopg9i,subscription_cancelled,2026-11-05 14:55:12,1756.0
dsp_8min9wpgp82b,pay_zltlhr1sizw50q,not_received,2026-11-06 07:28:28,3135.05
dsp_hb4cmhil81ix,pay_h7sq5w4tyhhfi0,subscription_cancelled,2026-11-06 19:53:24,262.0
dsp_jxy4bzy6yde0,pay_tiv7ee6546kuj0,subscription_cancelled,2026-11-06 23:07:05,731.0
dsp_2igqnqn4fnxf,pay_9h7j1uidwpiy2k,subscription_cancelled,2026-11-07 09:08:56,11893.26
dsp_d0hq9l25ppxk,pay_kqzwkkbncvlxhh,not_received,2026-11-07 09:35:58,3653.31
dsp_lkjrbu07p8fg,pay_jm14cxijcdmuy1,not_as_described,2026-11-07 11:53:25,1300.0
dsp_c4hgzr5eh3a2,pay_6wnv989zzm1dv6,subscription_cancelled,2026-11-07 14:33:55,586.0
dsp_j8q4pcuyl9y6,pay_rbp9jk9cdv8shs,duplicate,2026-11-07 16:02:19,1163.41
dsp_mmbftnx2rgdf,pay_h66kkgugvczrhi,not_received,2026-11-07 18:24:13,880.0
dsp_1a1ldhc9m6wh,pay_y1i5i81eceffu0,not_as_described,2026-11-08 00:21:20,5815.79
dsp_nsndiveerivm,pay_mdg8ijyu6ott8p,fraud,2026-11-08 03:41:49,5357.43
dsp_tzbmb7ci41rm,pay_bgwczfp2y7xo1e,not_received,2026-11-08 10:49:19,24725.12
dsp_98r5btrwx6ev,pay_tbkf0sn85wruce,not_as_described,2026-11-08 20:39:50,1350.0
dsp_nrwaot1w35tw,pay_zh424j3ph793te,not_received,2026-11-09 03:55:01,1578.71
dsp_pjlj3ryexp72,pay_aotvk4ukw9846d,fraud,2026-11-09 21:59:55,11900.79
dsp_zahs95lhea8s,pay_bxudzx6krguu51,not_received,2026-11-09 23:29:21,3083.97
dsp_fkgpfu3qn5gv,pay_clbqkhaw9wfnhh,subscription_cancelled,2026-11-10 10:18:48,3306.02
dsp_uyoyxl8ltr5d,pay_fdw2zdvv49mcvn,fraud,2026-11-10 14:23:37,17627.25
dsp_ae2a7qc338fi,pay_zpeighpg50xqq5,not_received,2026-11-11 00:26:32,8915.54
dsp_bu3icl344g4b,pay_utz0hlofksg5or,subscription_cancelled,2026-11-11 11:19:26,731.0
dsp_jzaoj18sn9qu,pay_44p3vbfk6tyw9q,not_as_described,2026-11-12 06:25:19,845.99
dsp_2kycp4y8wsts,pay_5c8f571rwkrfkd,fraud,2026-11-12 07:53:41,407.48
dsp_4niof3o62x6x,pay_fde5pke28u7o5f,not_as_described,2026-11-12 07:54:21,2530.75
dsp_ixa2fxho31np,pay_7t20e7wq0e9uya,fraud,2026-11-12 12:09:21,587.0
dsp_mligd07whx07,pay_glgw34qvonx55o,subscription_cancelled,2026-11-12 12:33:30,493.0
dsp_04s5wqf5fifs,pay_slmglpksviys0o,not_received,2026-11-12 15:24:00,1489.55
dsp_q1xxuj9ocnox,pay_rlwnyr3apjxodv,not_received,2026-11-13 07:52:14,1619.33
dsp_e87kh8vvrb0f,pay_676sdlu174jw30,subscription_cancelled,2026-11-13 21:21:40,4927.6
dsp_0f3hkbcor6hz,pay_k4d5rl14ma622g,not_received,2026-11-13 22:48:59,587.0
dsp_ramekn3lkyl3,pay_64dgom7i9sm1ow,not_as_described,2026-11-14 04:27:14,680.0
dsp_bvlvnm7zirmd,pay_igx64r7p364xvh,fraud,2026-11-14 07:32:15,8214.15
dsp_fnkigey64n5c,pay_elvh97ib4k95uv,fraud,2026-11-14 08:24:49,422.0
dsp_drxpftd7sd5l,pay_mftuv1sy51qfoy,not_as_described,2026-11-15 05:49:43,514.86
dsp_oeba651fmoum,pay_kt1xy2p9tdf5if,subscription_cancelled,2026-11-15 12:13:40,329.0
dsp_wnt35y0bbcul,pay_0bjol9lvy0fol0,not_received,2026-11-15 15:49:35,3929.4
dsp_31riacjn4tre,pay_5i858vjmz4yzn2,not_received,2026-11-15 18:05:30,3985.65
dsp_gdqyub6o6802,pay_iku84w6weyjnar,fraud,2026-11-15 18:09:42,2113.0
dsp_ep6d0i5teqqc,pay_5jn7lo96gil3th,not_as_described,2026-11-15 20:56:28,1867.31
dsp_nzelzjx69j08,pay_ot4s9vphjxtnqd,fraud,2026-11-16 00:28:34,6612.61
dsp_q9zjn9gjtvv2,pay_x7cpuf5nm3pv4x,not_received,2026-11-16 01:44:20,10898.56
dsp_pff48k8435zc,pay_uus8fmz7oa3lv0,duplicate,2026-11-16 04:14:05,2255.15
dsp_jnqciak8z5ip,pay_8x68s55eowd7bm,not_received,2026-11-16 14:34:24,21128.54
dsp_6bay6o9qpegu,pay_oriajtq9luvta6,not_received,2026-11-16 17:14:45,14524.79
dsp_3kmflgawptus,pay_ngt6etw22a4bfg,not_as_described,2026-11-16 17:58:16,2957.73
dsp_i62uqbl940f2,pay_fk6mix99tevw5c,not_received,2026-11-17 13:13:34,36354.2
dsp_b0zls2q07ofm,pay_djdrkc9i7abnhs,fraud,2026-11-18 01:33:39,41713.59
dsp_1vq585fia72b,pay_7che8za41kxm22,duplicate,2026-11-18 08:37:39,5624.21
dsp_l2xt0fjyddnf,pay_a84r8f0b4ei7b7,not_received,2026-11-18 19:19:12,930.0
dsp_opvvefprt5ad,pay_61iilva853jhy3,not_received,2026-11-18 19:46:48,16824.71
dsp_i4ku2tc813rl,pay_f3pzmxa3ln1mrb,not_received,2026-11-19 11:20:33,616.46
dsp_rrp3e8ytyjtn,pay_dhheubryud1svg,not_as_described,2026-11-19 12:36:27,1330.0
dsp_vzasyfb17qex,pay_07oanc29hfnt68,fraud,2026-11-19 16:51:58,13046.96
dsp_azoeibpqt9o7,pay_54wzsonu5zqkei,not_as_described,2026-11-19 23:39:40,1489.66
dsp_lf5bbvrqaxq5,pay_8cd1g5povhunvv,fraud,2026-11-20 00:18:15,4403.86
dsp_yox1vtgi83tf,pay_97vf5ysb0ni93e,not_received,2026-11-20 01:30:27,867.01
dsp_0y2w7dc475xy,pay_7elguew30lbzmu,subscription_cancelled,2026-11-20 04:28:12,1184.0
dsp_6199jjulyqov,pay_8k2cou2puikwi6,not_received,2026-11-20 10:48:01,8641.99
dsp_57ivqef1bgoo,pay_6ttnnzs1k46rrq,fraud,2026-11-20 22:57:19,4508.56
dsp_8i60e77zxug3,pay_7xc90yrwyh36b3,not_received,2026-11-20 23:16:56,647.54
dsp_poqm3p6xb74c,pay_biaxeuc37ku8g0,duplicate,2026-11-21 13:02:40,9132.78
dsp_r4p7t2vbjhuh,pay_jfuw257k63rc1m,fraud,2026-11-21 18:06:40,4369.41
dsp_2kqgrqyeas83,pay_og82pjv3o2pqih,fraud,2026-11-21 21:14:17,7005.05
dsp_zs6ym1fzx1l1,pay_qt8gmwd8vi89ci,not_received,2026-11-22 00:18:01,14759.0
dsp_o9z9izana00b,pay_rwwnxf84tr26ms,not_as_described,2026-11-22 06:57:00,5919.83
dsp_53vmg809wfpp,pay_s4kyjbvgl9fmfn,not_received,2026-11-22 11:21:05,636.57
dsp_d72nt230pnvw,pay_zflh72lciywgej,not_received,2026-11-22 12:55:13,2934.76
dsp_nprtbsxf73bt,pay_rq3mur8b5zuvxv,not_received,2026-11-22 20:49:02,3443.5
dsp_dpazax6mdewk,pay_z7itksy27oommh,fraud,2026-11-23 10:13:06,852.0
dsp_t15yy9gzlut0,pay_52asp7vomc7q34,not_received,2026-11-23 16:15:19,14570.15
dsp_phuckbtouwp2,pay_j8evnkbclncyw4,not_as_described,2026-11-23 17:41:53,1908.17
dsp_hngiewpx42u1,pay_gfy3rxagbentre,not_as_described,2026-11-24 05:30:33,648.63
dsp_j4omr3ogotve,pay_8z1mgvmo7jmzu4,subscription_cancelled,2026-11-24 09:00:04,1381.0
dsp_4cue19gdtl4l,pay_xmaakxtr1grcr1,not_received,2026-11-24 13:10:24,4621.63
dsp_2zecgleb0ird,pay_27qnzsqilzl8e0,not_received,2026-11-24 20:34:03,1589.78
dsp_erp3qhlpvd6s,pay_z79adp7zm7zf1g,subscription_cancelled,2026-11-24 22:47:29,1448.0
dsp_y692olqfa458,pay_ti7sdl9k2ifup8,fraud,2026-11-24 23:48:23,583.0
dsp_uwe5nyjlkbq6,pay_lp446v56npd7ur,not_received,2026-11-25 09:35:16,24434.95
dsp_bsqawsms63me,pay_2h4yxqg2gf5gfa,not_as_described,2026-11-25 18:05:44,1278.61
dsp_qwk7h3g4lwlq,pay_5v5x8ksln7ctco,duplicate,2026-11-25 18:52:13,6069.21
dsp_hwukfjp9tld9,pay_jtm9ian22yljaj,not_received,2026-11-26 03:09:36,859.21
dsp_99o58cjod8a9,pay_rv46xuzpb7gdd6,not_received,2026-11-26 09:37:39,743.31
dsp_uxrosxox3i5b,pay_vilc9uevcr4iot,not_received,2026-11-26 09:45:05,22964.51
dsp_6mgs32lzqhp8,pay_xqftrna9esv3jc,not_received,2026-11-26 12:15:48,1499.08
dsp_b1ptjklrxgvk,pay_56jt2cj5bfswpn,fraud,2026-11-26 12:57:38,2330.0
dsp_iyuoh55b1kl5,pay_fy8w54nmzy415n,not_received,2026-11-26 14:35:38,1624.17
dsp_wk4aiw6aw5ig,pay_i2kit36tliqwwh,not_received,2026-11-26 23:25:16,2400.18
dsp_z9fi3c648fia,pay_1920yb5an3ju5r,fraud,2026-11-27 05:15:57,66.0
dsp_8dtzxqck59fb,pay_oikttg1guzl03m,fraud,2026-11-27 05:16:11,956.0
dsp_ctseyxpjvczv,pay_hmih5wh5d7jjxa,not_received,2026-11-27 07:47:01,11006.19
dsp_ezfz3vrju4d9,pay_ta7bvff20qfbsc,fraud,2026-11-27 09:33:34,32342.11
dsp_kgcnq09bnv2l,pay_gdnkblac07m9p9,not_received,2026-11-27 09:54:46,298.34
dsp_yff5hu633vd3,pay_wfw69g99tk4vuk,not_received,2026-11-27 10:59:28,1061.55
dsp_dlf53l4bibi7,pay_88xav33ff0t6no,not_received,2026-11-27 11:00:56,1335.0
dsp_cj7uiee5jmsg,pay_50fjilebyyzalb,subscription_cancelled,2026-11-27 12:36:07,2817.02
dsp_c14l53lkao6o,pay_2kuui2scc4svuk,not_as_described,2026-11-27 17:34:36,2653.44
dsp_rd3nkpctrpda,pay_7s47fbs30lyqju,not_received,2026-11-27 17:42:40,253.0
dsp_d5os82sxeikj,pay_1heyras5np0t3r,not_received,2026-11-27 17:54:35,4696.83
dsp_u14enafji1t3,pay_rzif805v6v7ill,not_as_described,2026-11-28 08:53:09,2147.59
dsp_vl7a4aox6jj3,pay_r9ifg9fye6k6mn,not_received,2026-11-28 08:57:05,5397.35
dsp_q00ii52eyac7,pay_9fzpjnmi9lkd61,not_received,2026-11-28 15:00:06,2437.94
dsp_4ttsq79zs2ld,pay_hspunsizos9jqo,not_received,2026-11-28 17:03:06,2329.61
dsp_pmctrgv938j3,pay_40jaiwhvy7515l,not_received,2026-11-28 17:19:17,214.6
dsp_kwm2pmfo4dan,pay_no88caz8go6cwh,not_received,2026-11-28 17:52:54,753.44
dsp_3wr7yb9a47ch,pay_l4fxua5v7bz0v8,not_received,2026-11-28 19:12:31,571.0
dsp_6r94odw70efd,pay_5zgpv19an2wxw5,not_received,2026-11-28 20:43:41,376.0
dsp_ch14yz9aq438,pay_zbyd3z3jkodyck,not_received,2026-11-28 22:17:34,520.0
dsp_pcu9xtcg08ch,pay_khxch5qmfqp9hs,not_received,2026-11-28 23:46:45,2618.0
dsp_50hk3wneu0eu,pay_e3w9oz9qaasdua,not_as_described,2026-11-29 02:07:47,612.34
dsp_u4em63fwcj0u,pay_ef5sd5bnsjo642,not_as_described,2026-11-29 12:09:03,955.42
dsp_2jlzbjsu32ce,pay_81qpve7knfd14l,subscription_cancelled,2026-11-29 13:00:59,460.0
dsp_a7pdeaj7w3o5,pay_lw97b67ejn9d6p,fraud,2026-11-29 13:20:08,86.0
dsp_df27r3wwdadz,pay_dnyqh33mty4m67,not_received,2026-11-30 05:29:03,3758.93
dsp_cnj1r7z8frki,pay_uxbwafisg5oo29,not_received,2026-11-30 06:56:39,2030.0
dsp_nt35ua5wysst,pay_j4day6x2t707l8,fraud,2026-11-30 08:45:58,208.33
dsp_mztwhueffj4g,pay_anpx6cobcil5qb,not_received,2026-11-30 11:59:53,25718.01
dsp_44vwvlyn5nze,pay_vzdua4iasnm978,subscription_cancelled,2026-11-30 16:21:03,263.0
dsp_n9bbth1vphfk,pay_aaauzxywzewzti,not_received,2026-11-30 22:07:53,1876.92
dsp_t955abxq0o6g,pay_th37cd34yvj978,subscription_cancelled,2026-12-01 00:53:39,258.0
dsp_vpizf911ox11,pay_bj9lpxtuimqb91,not_received,2026-12-01 03:54:43,16687.97
dsp_fv4j6tmp6xcw,pay_c2ks91kzmxlx7b,not_received,2026-12-01 04:41:32,1248.55
dsp_4qen22r5yiw4,pay_rg6xzr714pmy9u,not_received,2026-12-01 10:22:14,4529.94
dsp_zh8kabpnll5z,pay_h6ny0s6up6q9n6,not_received,2026-12-01 16:50:06,334.0
dsp_sy06121vg2gx,pay_tuib6e1xg7mmoj,unclassified,2026-12-02 02:50:48,900.0
dsp_k25kpq9gdy0g,pay_ldg04iw8t9kh3x,not_received,2026-12-02 16:00:57,14963.97
dsp_3rpxwjoeng72,pay_0y2h4uocsvg6ob,fraud,2026-12-02 16:01:49,434.0
dsp_hf3adjsfvz80,pay_v5z0nvhig5wffa,not_received,2026-12-02 17:41:37,253.0
dsp_s5kuhke5j9ba,pay_2hw05xvv0ozuhr,fraud,2026-12-03 10:28:22,929.0
dsp_tl4xt20ab3ty,pay_wywwp9grbrywks,subscription_cancelled,2026-12-03 13:12:15,231.02
dsp_20ut253yalki,pay_fylhhe5m9ne1zn,fraud,2026-12-03 19:02:33,51642.96
dsp_nw2e3yd29o2b,pay_1r6fhnugxp5pgx,not_received,2026-12-03 23:53:28,500.0
dsp_5lmqgq7jtb0c,pay_vowxem781v7v6s,not_received,2026-12-04 01:40:51,10008.42
dsp_9vwdbujsjt2l,pay_fizbue1dq01qoq,not_received,2026-12-04 19:04:49,8930.01
dsp_7gm108cd21nb,pay_7f62hkhx2srbcf,not_received,2026-12-04 19:35:04,737.0
dsp_rwhaqtwi7m4n,pay_9l89v1pye1oshv,not_as_described,2026-12-05 21:30:39,1189.99
dsp_i1ih0h49jyba,pay_cmrdakvr15vn38,fraud,2026-12-06 05:42:37,207.0
dsp_sesdpkzh1gwr,pay_yjuqy590h0tdta,not_received,2026-12-06 08:18:57,1862.3
dsp_2wzfrnfeoubk,pay_3oibxie0t57i4c,subscription_cancelled,2026-12-06 14:26:19,583.0
dsp_o383dy22nl8o,pay_n5xp3u9bfqip8r,duplicate,2026-12-06 16:24:15,9050.2
dsp_1bkvzullebgg,pay_9twpr5hf4b4bdb,not_received,2026-12-06 16:46:23,5839.7
dsp_v73joxossz65,pay_nmlc7z75xkf18o,not_as_described,2026-12-06 17:49:47,239.53
dsp_h436xzoscq8b,pay_bva1bpotm67ath,not_received,2026-12-07 02:32:51,1789.8
dsp_3o5sk8gt5swa,pay_1m9892wxnzp4dy,not_received,2026-12-07 21:07:47,11842.41
dsp_k2qnkxi3avzb,pay_mnk5k26w5frpsm,not_received,2026-12-07 21:27:57,1250.0
dsp_ypzcbsuoq9lp,pay_fvyynx8phisflc,not_received,2026-12-07 21:36:28,1150.05
dsp_86z3kkp51qbq,pay_rrpusz3p1kgu48,not_as_described,2026-12-08 05:26:03,526.18
dsp_ff7zquvplza5,pay_9imqibzis4dxvi,not_received,2026-12-08 17:00:41,13346.18
dsp_87ruex9bavkp,pay_lkwhln1fk89xk5,fraud,2026-12-08 18:27:34,6838.34
dsp_7ctq6b499js0,pay_do6m9120yt275c,not_received,2026-12-08 22:37:22,32442.21
dsp_m6yicg8c05u9,pay_wanj6r7bx5u3qr,not_received,2026-12-09 06:08:58,10095.68
dsp_eghx5sfc4xr9,pay_1doe9ppf180lqc,not_received,2026-12-09 08:05:50,3035.38
dsp_nn3a247yyc8h,pay_4tup3r4sofz5xz,not_received,2026-12-10 08:28:07,14752.94
dsp_j6v49brc0yg8,pay_8mlg275bshieal,not_received,2026-12-10 12:03:20,657.37
dsp_stcq0q42xelj,pay_ipyq2jyt5s33hx,duplicate,2026-12-10 22:20:36,25047.83
dsp_hrm4yivzyu76,pay_ex9pbgqs15irug,not_received,2026-12-11 03:01:02,716.14
dsp_guiy8zerd15n,pay_7wozq9rq4ki0v0,not_received,2026-12-11 11:40:45,23020.15
dsp_4wb3ahk8uznw,pay_sufs5n7fzasust,not_as_described,2026-12-11 17:45:16,941.93
dsp_kxjzk8kks1ki,pay_39mrm15au3926h,not_received,2026-12-12 00:31:28,828.0
dsp_hoa3oyl2nnyh,pay_f6l83q0hnckcm4,not_received,2026-12-12 05:31:26,1800.0
dsp_ycwe7kfxnvxp,pay_gut7bmtkww9xig,fraud,2026-12-12 06:04:56,116.0
dsp_8t00p4spipxe,pay_p99v61h275h90o,not_as_described,2026-12-12 09:11:55,740.0
dsp_qcxewpdot7a6,pay_nrnx24ro8i7i30,subscription_cancelled,2026-12-12 12:08:02,2318.77
dsp_bkjrl908hv50,pay_eeb8suo969q2pf,not_received,2026-12-12 12:33:03,566.81
dsp_semmy2e5x1rv,pay_e4eel9xusvxw3m,not_received,2026-12-13 07:09:30,39599.24
dsp_pj94651fcpns,pay_9ky6x7g13nedwr,not_as_described,2026-12-13 07:17:35,511.4
dsp_5r5zwup0gt89,pay_7l1fjntrw23ydd,duplicate,2026-12-13 07:21:01,973.29
dsp_9bo8404z8qsg,pay_ugwwrypmn027c0,not_received,2026-12-13 12:04:28,680.0
dsp_bgwu7xrqa7eq,pay_lx32l91yegqc4c,subscription_cancelled,2026-12-13 13:40:17,586.0
dsp_ownwr8i90htn,pay_vcjou1t8ipkccr,not_received,2026-12-13 18:21:54,12896.5
dsp_7kw7kh29bbmi,pay_wxvqkz1z9c7ltg,not_received,2026-12-14 07:29:38,12282.99
dsp_kdpj0hrzf9ji,pay_ajl15x47wqtb7z,not_as_described,2026-12-14 08:41:04,795.79
dsp_hr1s4bjfno0f,pay_w6qolbwhypf197,fraud,2026-12-14 14:41:38,11652.99
dsp_t3k8t4qvzrou,pay_v0s5o02eqzyd65,duplicate,2026-12-14 20:20:27,102.68
dsp_trfyyu8zmuum,pay_uj7he1uafdhw9x,not_received,2026-12-14 23:23:25,890.0
dsp_2oxlo4x5c3m0,pay_770yossg4m0r7e,fraud,2026-12-14 23:25:12,460.0
dsp_r65bieqedlbi,pay_b5avmowjiv9edr,subscription_cancelled,2026-12-15 14:02:54,470.0
dsp_6wof48hhbb0j,pay_c2z0ab7zd404ug,not_received,2026-12-15 14:59:12,14562.69
dsp_ks0wcc8dqjso,pay_9nrgklhom6uujd,not_received,2026-12-15 20:48:59,830.0
dsp_ktcyshfflgga,pay_l0s35wn9odebqf,fraud,2026-12-15 22:28:56,1543.82
dsp_rj8mkvafjfyo,pay_pyb0pkpnkd85l5,fraud,2026-12-16 00:31:15,852.0
dsp_12e8f10dft9e,pay_xzl92o6gdx5591,not_received,2026-12-16 16:49:42,950.0
dsp_rjihogcw2cw4,pay_mo67ien6cap1s1,not_received,2026-12-16 20:04:05,5171.81
dsp_lf92jfxc22im,pay_zyyevj4pekgbbq,not_received,2026-12-16 20:41:59,1573.64
dsp_ff4b6hjfsjww,pay_31d3ng74gob3rz,fraud,2026-12-17 01:23:10,105.0
dsp_p2bt0z6n7rhs,pay_x26dlceygfwh6e,not_received,2026-12-17 02:36:56,937.36
dsp_ihfhjapfgb00,pay_4lqiuajsytmufa,subscription_cancelled,2026-12-17 05:21:04,1407.0
dsp_p16as15hqs02,pay_e12pyn6x7lmubg,subscription_cancelled,2026-12-17 06:53:09,468.41
dsp_jutzxim1ekrq,pay_7qu49q0mj46jur,not_as_described,2026-12-17 10:00:18,1970.51
dsp_izuu322r1tu0,pay_pnx3jlk268nphs,fraud,2026-12-17 17:34:46,159.0
dsp_i04yogdd5hsi,pay_4hdbq9geflfino,not_received,2026-12-18 00:39:07,3605.46
dsp_r1qh06iiw334,pay_9yr9epkc07a1cn,not_received,2026-12-18 02:22:50,2288.2
dsp_i8u0nho3ax08,pay_xellqqkhxceuyh,fraud,2026-12-18 05:49:59,10440.38
dsp_rk3ovaw1zv9p,pay_rnnzm2lr9ap323,not_as_described,2026-12-18 11:24:24,2105.45
dsp_je9jlzo3pw30,pay_i7e17xruavc87p,fraud,2026-12-18 16:35:01,2113.0
dsp_av9tfbnqeodu,pay_1dn4vojmspyqx6,subscription_cancelled,2026-12-18 18:12:28,586.0
dsp_302gy7xjj72v,pay_el7dl93dhqmze2,not_received,2026-12-18 21:08:13,14413.91
dsp_v6mbhq2i7xgq,pay_k5lz4fl6u5vwb8,not_as_described,2026-12-19 00:52:28,869.01
dsp_cdty4w920jb4,pay_ei5b07kcj2d1i2,subscription_cancelled,2026-12-19 02:02:59,9045.15
dsp_5b6l8zw06ofa,pay_383cus3eulr2s6,not_as_described,2026-12-19 12:30:53,403.71
dsp_2955f46g4hyz,pay_yj71l56nrvc695,not_received,2026-12-20 03:11:59,15601.37
dsp_0b84ax3szto0,pay_pdoywqfesdi6tg,fraud,2026-12-20 06:28:16,376.0
dsp_we5tzfvm82nb,pay_hd7webvj0qdyh1,not_received,2026-12-20 12:42:21,1687.27
dsp_dzvx9tzsf710,pay_5vs8zznkuka6fw,fraud,2026-12-20 15:07:52,4021.24
dsp_odtrjfcw92n9,pay_x86xpwoxtceocv,not_as_described,2026-12-20 21:15:12,330.0
dsp_kltea3zmbf8m,pay_88mopfdddpwuvj,not_received,2026-12-20 23:25:35,12231.58
dsp_dt8mt51bxwvy,pay_vejwrutkq4eexv,not_as_described,2026-12-21 00:47:58,3261.98
dsp_6n4pka3irrf6,pay_yafmqxak4eb56u,not_received,2026-12-21 10:18:41,21531.97
dsp_exb85opv9n61,pay_x8i8uzr1ow2xzi,not_received,2026-12-22 05:39:42,11376.81
dsp_0tmjvowskccn,pay_l9y35vhz6bpip6,not_received,2026-12-22 10:23:47,1365.29
dsp_mspgdnc5ntne,pay_td97prem3r94p7,not_received,2026-12-23 16:08:34,8705.98
dsp_wj1joxpflnva,pay_aoanw4mt53zshy,not_received,2026-12-24 18:06:19,18627.65
dsp_fco6a813eswd,pay_jywsewtp7655ib,not_received,2026-12-24 19:43:36,5485.44
dsp_l3zpx4v19dar,pay_sne3xu9gtpo7t4,not_as_described,2026-12-25 02:39:05,2612.09
dsp_ver7rzfz3bxb,pay_8gni5djdmixg3w,not_received,2026-12-25 08:51:45,1809.97
dsp_icabuqpvgocm,pay_qftn689ceo82hd,not_received,2026-12-25 10:39:01,7138.88
dsp_uivu7z358vza,pay_lcc0zr2bp2mt61,not_received,2026-12-25 11:11:00,856.76
dsp_7w14ndg1wmsd,pay_pxgzvg1b1kuhnl,not_received,2026-12-25 14:08:55,2109.44
dsp_dxxwt5kl1b2n,pay_4wypcnplt24jvb,subscription_cancelled,2026-12-26 03:43:22,2596.22
dsp_m0ka12ph3pas,pay_un3utn4prsndj4,subscription_cancelled,2026-12-26 15:58:58,460.0
dsp_66j6cgy8wecu,pay_ljs2n2xnps8zuc,not_received,2026-12-27 05:02:38,1272.79
dsp_rlksnyhg2i8m,pay_8irfb0exek02i0,not_received,2026-12-27 18:34:17,1569.84
dsp_c6yn009qglz9,pay_zj7yg2j0j4w2he,fraud,2026-12-28 05:58:25,13271.59
dsp_kcjbivqegagg,pay_w85wfw7gs5e1a1,not_received,2026-12-28 12:14:29,2448.24
dsp_ntwwpt07fz50,pay_ykusliec9k1nl2,duplicate,2026-12-28 22:59:34,7789.52
dsp_n1ra9pyydd9k,pay_35g8d0ppappz52,not_received,2026-12-29 02:05:58,660.0
dsp_vf4214u1zs5u,pay_3ha42b1g0iqtxb,fraud,2026-12-29 04:42:03,34952.92
dsp_ubsm2vugyuub,pay_rdaln6jhuzwm6v,not_received,2026-12-30 02:32:46,7032.7
dsp_gittw56k7rz0,pay_n50zyunm16ubku,not_received,2026-12-30 03:51:18,885.95
dsp_oyk30i637ot7,pay_9bqj9xhn7qgtl5,not_received,2026-12-31 03:33:24,870.0
dsp_71a13mcpb4xz,pay_gwj2nsjcljzo2u,fraud,2026-12-31 05:10:39,334.0
dsp_rkp9379f5j9k,pay_vkl32l8piojapf,fraud,2026-12-31 15:26:57,852.0
dsp_xb16x26sca8o,pay_f6cifgqxxzv6p8,not_received,2026-12-31 23:24:43,1331.93
dsp_r8e6bxo6rxfb,pay_voqgokj1hlor7x,fraud,2027-01-02 03:16:57,4641.29
dsp_73i8o1podsg1,pay_wtwj2vqoyy6y75,not_received,2027-01-02 09:18:16,17554.56
dsp_j68dszms2ogi,pay_28z16uuvl722x7,fraud,2027-01-02 17:32:46,1675.0
dsp_ezjvtb1ybah6,pay_5zo9nwcxaoovpi,fraud,2027-01-02 18:20:23,3547.73
dsp_5fu8xni9mhy6,pay_rcqtg5kc72xzvs,not_received,2027-01-03 02:39:18,91.72
dsp_ei28big8as3v,pay_e9d3bgp22klpug,not_received,2027-01-03 06:04:47,737.0
dsp_r2rayq0crvso,pay_5otaaopn8zhuvw,not_received,2027-01-03 14:57:15,25025.61
dsp_jigipzpge118,pay_scdgufe50nt70g,subscription_cancelled,2027-01-04 08:24:21,258.0
dsp_5izsw4c0zeb3,pay_vetvz4u6r8nttt,fraud,2027-01-05 22:04:48,1319.2
dsp_xms0d4hnr3me,pay_r2zlyhx67bz9km,not_received,2027-01-05 22:52:06,998.36
dsp_joaov3urghec,pay_fi515mj935hau2,duplicate,2027-01-06 04:44:07,94.56
dsp_8d2fk0e62v4v,pay_soqv83tal3n7tq,not_received,2027-01-06 05:26:05,12035.81
dsp_xi53af3pg25w,pay_khlm9m91gjivul,not_received,2027-01-06 13:47:41,1036.7
dsp_2nas0k2po1ek,pay_y8lx7yrg719z4l,fraud,2027-01-07 01:48:53,1884.0
dsp_emlzscw3vui6,pay_7z3wzw83vccxy7,not_received,2027-01-07 05:06:10,4411.59
dsp_gs25wngg0yg4,pay_60fh82f8erpcm7,unclassified,2027-01-07 13:42:42,1091.56
dsp_tvpezv7f54kk,pay_4ypesr21wzmwj5,subscription_cancelled,2027-01-07 16:37:31,1066.86
dsp_9b86m74gf1oo,pay_deudl3fiv1xtv8,subscription_cancelled,2027-01-07 20:51:44,196.1
dsp_bsh41txnbnf8,pay_exdmxb0jiu4jxw,not_received,2027-01-07 23:30:21,1884.0
dsp_rbtdl26ffcc4,pay_hayzir72j8ro98,not_received,2027-01-08 10:58:59,520.0
dsp_v84zr35pfmao,pay_lu6njhenj7k4wj,not_received,2027-01-08 16:09:14,1705.46
dsp_0sqcxq7xtquj,pay_rvgui9fpw1omw9,fraud,2027-01-09 01:41:26,54.49
dsp_2gqnh27uc6pj,pay_xe803stuxzcfog,not_received,2027-01-09 02:39:37,1980.87
dsp_oqk7db2d84tp,pay_vjxwyjhoosl7eu,not_received,2027-01-09 13:12:41,6137.01
dsp_yauu3lhwd5lg,pay_3xo9rormdu4asx,subscription_cancelled,2027-01-10 11:28:41,182.72
dsp_ajjxvjtj7b30,pay_q2nrj2jitrc9t4,not_received,2027-01-11 23:50:00,38786.41
dsp_r30w2g23rmcn,pay_5olsd02xgee03q,fraud,2027-01-12 01:17:02,1884.0
dsp_tzozn5omb64u,pay_ldq6h7p8y7827z,fraud,2027-01-12 11:59:28,225.0
dsp_qnan60svvm3m,pay_i081tqfbagucsn,not_received,2027-01-12 12:27:12,10529.01
dsp_sg2jz65pko2m,pay_7ks7xmx7agveau,not_received,2027-01-12 14:50:53,300.0
dsp_mqn5jwvg5aud,pay_hlgkngux6tuhct,fraud,2027-01-12 16:07:56,34324.95
dsp_t4b0bjecgmoj,pay_4k41ksjskmvg7e,not_received,2027-01-13 00:17:05,366.46
dsp_vek9jr3l9jl4,pay_5dp093giajzrag,fraud,2027-01-13 19:55:55,852.0
dsp_9xwkm94d0xfg,pay_r88g5rzqxbc0vg,subscription_cancelled,2027-01-14 09:30:01,456.03
dsp_uzba88k6mbsm,pay_899uhjaclt42q4,fraud,2027-01-15 03:40:39,14355.97
dsp_cist6r737009,pay_83ctefzjsiwaxk,not_received,2027-01-16 06:12:27,3768.01
dsp_1852ozlkr6gl,pay_yu85fspoqwrwxh,not_received,2027-01-16 07:00:17,27622.54
dsp_pdr6q1g4i5tu,pay_aq06ayukzen9bg,duplicate,2027-01-17 10:45:48,470.0
dsp_gsmmqpqo3rsk,pay_aqjzaezye4l274,not_received,2027-01-17 14:28:04,10977.23
dsp_kp10gvgl0ur0,pay_mvzud1wwi195hl,not_received,2027-01-17 19:39:57,1972.83
dsp_bnesxl3lxxac,pay_detttq7zdg4fkt,not_received,2027-01-19 12:52:04,350.0
dsp_m03lvzec7xyn,pay_jm3qkr2mrxbf1j,not_received,2027-01-19 19:47:23,1912.37
dsp_z35gxzimo5o7,pay_vcto1cfmkitfi3,not_received,2027-01-22 16:15:00,32430.04
dsp_ob5jgx1ihexv,pay_m3jaola7p2kn9z,not_as_described,2027-01-23 01:13:09,4216.6
dsp_my6daeppolmd,pay_37lgjsgmeahyx8,fraud,2027-01-26 03:45:10,3587.82
